dealer_id,dealer_name,Bus_score,Hatchback_score,Luxury_score,MPV_score,Others_score,SUV_score,Sedan_score,Sports_score,Stationwagon_score,Truck_score,Van_score
1001,Lake View Credit Pte Ltd,0.0,3.7250011826018934,0.0,4.13571546831618,0.0,3.5290081512430085,4.43071546831618,0.0,3.094048801649513,0.0,0.0
1002,Jia Yi Car Pte Ltd,0.0,0.0,0.0,0.0,0.0,0.0,0.0,0.0,2.927805842623632,0.0,0.0
1005,Island Car Trading Pte Ltd,0.0,0.0,2.884998213448735,0.0,0.0,0.0,2.654045832496354,0.0,0.0,0.0,0.0
1009,Thong Lee Trading Pte Ltd,0.0,3.7428704837820823,3.2314419123535107,3.609997107158706,0.0,2.797922748590445,2.8521561980677967,0.0,0.0,0.0,0.0
1010,Tan Wei Auto Pte Ltd,0.0,2.633181163682928,2.4405621160638806,4.037807787059552,0.0,0.0,0.0,0.0,3.0974668779686425,0.0,0.0
1011,Friends Auto Trading,0.0,0.0,0.0,0.0,0.0,0.0,0.0,0.0,0.0,0.0,0.0
1013,Shuang Hup Credit,0.0,0.0,3.452049934337647,0.0,0.0,0.0,0.0,2.462382522564972,4.8594308867186,0.0,0.0
1015,Yong Lee Seng Motor,0.0,0.0,0.0,2.74445875393628,0.0,0.0,0.0,0.0,2.5266557236332496,0.0,0.0
1016,Mandai Motor Trading,0.0,0.0,0.0,0.0,0.0,0.0,3.353930827724056,0.0,2.193930827724056,0.0,0.0
1020,House De Carz Trading Pte Ltd,0.0,2.452898122286524,0.0,0.0,0.0,0.0,2.8343266937150955,0.0,0.0,0.0,0.0
1023,Car Times Automobile Pte Ltd,0.0,4.580564675816769,2.623898009150102,3.945986753738847,0.0,3.99589568626973,4.399850390102483,0.0,5.019850390102483,0.0,0.0
1026,Ka-Hup Vehicles Trading,0.0,4.35956176972039,0.0,0.0,0.0,3.1055548010792755,5.263847484006105,0.0,2.582180817339438,0.0,0.0
1027,Euro-Asia Motor,0.0,0.0,0.0,0.0,0.0,0.0,0.0,0.0,0.0,0.0,0.0
1028,Heritage Auto Enterprise Pte Ltd,0.0,0.0,0.0,0.0,0.0,0.0,0.0,0.0,0.0,0.0,0.0
1030,Starselect Auto,0.0,0.0,0.0,0.0,0.0,0.0,0.0,0.0,0.0,0.0,0.0
1032,Mayfair Motoring,0.0,5.860981891024,0.0,5.03038124167335,0.0,4.426138685449087,6.900267605309714,0.0,3.550267605309714,0.0,0.0
1034,Classic Credit Pte Ltd,0.0,3.7577308671563205,2.654159438584892,4.55984125676671,0.0,3.2396995082713027,3.7641594385848918,2.5321110744312647,3.929159438584892,0.0,0.0
1036,G Motor Trading,0.0,2.9758674840815513,0.0,0.0,0.0,0.0,0.0,0.0,0.0,0.0,0.0
1039,BW Automobiles,0.0,0.0,2.4515297678183092,0.0,0.0,0.0,0.0,2.3983102324935106,2.133196434484976,0.0,0.0
1043,Hin Lung Auto Pte Ltd,0.0,0.0,2.664075465385721,0.0,0.0,0.0,0.0,0.0,2.5238373701476253,0.0,0.0
1044,WD Cars,0.0,0.0,0.0,0.0,0.0,0.0,0.0,0.0,0.0,0.0,0.0
1045,Secure Credit,0.0,0.0,0.0,0.0,0.0,0.0,0.0,0.0,0.0,0.0,0.0
1050,Steven Mobile,0.0,0.0,0.0,0.0,0.0,0.0,0.0,0.0,0.0,0.0,0.0
1054,Dickson Automobile,0.0,3.5614564805729123,2.9459802900967222,2.8002551818716137,0.0,3.046038362106014,2.9500279091443415,0.0,2.6733612424776743,0.0,0.0
1056,M9 Automobile Pte Ltd,0.0,0.0,0.0,0.0,0.0,0.0,0.0,0.0,0.0,0.0,0.0
1059,Eurospeed Auto,0.0,0.0,0.0,0.0,0.0,0.0,0.0,2.420621853485498,0.0,0.0,0.0
1060,Think One Automobile & Trading,7.879422665636337,0.0,0.0,3.6379453929090637,0.0,0.0,0.0,0.0,2.2544226656363366,3.9655096221580757,4.0417510238452925
1061,FredLink Auto Trading,0.0,2.416151591244141,2.313056353148903,3.0551937990363487,0.0,0.0,3.4025801626727126,0.0,0.0,0.0,0.0
1064,Avil Motors Pte Ltd,0.0,0.0,0.0,2.5596926688509294,0.0,0.0,0.0,0.0,0.0,0.0,0.0
1066,Hua Yang Credit Pte Ltd,0.0,5.261187205617495,2.8564253008555904,6.128313828994119,0.0,3.9399328502167985,4.44047291990321,0.0,4.292139586569877,0.0,0.0
1067,First CarMart Motor,0.0,0.0,0.0,0.0,0.0,0.0,0.0,0.0,0.0,0.0,0.0
1068,Car Design Motor,0.0,0.0,0.0,0.0,0.0,0.0,3.1770205800212725,0.0,0.0,0.0,0.0
1070,Qin Cheng Cars Enterprise,0.0,0.0,0.0,0.0,0.0,0.0,0.0,0.0,0.0,0.0,0.0
1072,Cars & Stars,0.0,0.0,0.0,0.0,0.0,0.0,0.0,0.0,0.0,0.0,0.0
1079,Faster Auto Trading,0.0,3.0520381991695795,4.198228675360056,2.960155082286463,0.0,3.6489023106678373,3.3856096277410086,3.1761288311549487,3.547276294407675,0.0,0.0
1085,Asia Autocarz Pte Ltd,0.0,0.0,0.0,0.0,0.0,0.0,0.0,0.0,0.0,0.0,0.0
1089,Presto Expat Motoring Services Pte Ltd,0.0,0.0,0.0,0.0,0.0,3.321613204879307,0.0,0.0,2.356020870384534,0.0,0.0
1091,Tay Motor & Credit Pte Ltd,0.0,0.0,0.0,0.0,0.0,2.2832127874310144,2.9288573867341503,0.0,2.862190720067484,0.0,0.0
1094,Motor-East Pte Ltd,0.0,0.0,3.50729273514764,3.3679096182645236,0.0,3.2023449999560025,2.740864163719069,0.0,2.725864163719069,0.0,0.0
1095,Kruise Auto,0.0,0.0,0.0,0.0,0.0,0.0,2.690661817175438,0.0,0.0,0.0,0.0
1099,COE Auto Trading,2.667164354128551,0.0,0.0,0.0,0.0,0.0,0.0,0.0,0.0,3.2164811243148863,2.6465161664952888
1103,Lucky Win Cars,0.0,0.0,0.0,0.0,0.0,0.0,0.0,0.0,0.0,0.0,0.0
1104,Jia Leong Trading Enterprise,0.0,0.0,0.0,0.0,0.0,0.0,0.0,0.0,0.0,0.0,0.0
1106,99 Motors Trading,0.0,0.0,0.0,2.550654910572455,0.0,0.0,0.0,0.0,0.0,0.0,0.0
1107,Chin Lian Seng Motor Trading,0.0,2.7175710576434744,0.0,0.0,0.0,0.0,0.0,0.0,2.2247139147863315,0.0,0.0
1108,Autolica Trading,0.0,0.0,0.0,0.0,0.0,0.0,0.0,0.0,0.0,0.0,0.0
1111,Seng Hup Auto Pte Ltd,0.0,0.0,0.0,0.0,0.0,0.0,0.0,0.0,0.0,0.0,0.0
1112,Wah Soon Heng Vehicle Trading,0.0,0.0,0.0,0.0,0.0,0.0,0.0,0.0,2.431405000514725,0.0,0.0
1118,Ri Sheng Motor Trading,0.0,0.0,0.0,0.0,0.0,0.0,0.0,0.0,0.0,0.0,0.0
1120,MBT Auto,0.0,0.0,0.0,3.0486743241347622,0.0,0.0,0.0,0.0,0.0,0.0,0.0
1122,Esprit Motor Trading,0.0,0.0,0.0,0.0,0.0,0.0,0.0,0.0,0.0,0.0,0.0
1123,Alpine Financial Pte Ltd,0.0,2.748376544981885,0.0,3.172970700826041,0.0,2.5536030258181217,2.586947973553314,0.0,4.1436146402199805,0.0,0.0
1127,Prime Motor & Leasing,0.0,3.420473654852693,2.9359498453288833,5.541496382125421,0.0,4.408191424887536,3.180473654852693,0.0,7.845473654852692,0.0,0.0
1129,Swee Watt Motor Trading,0.0,0.0,0.0,0.0,0.0,0.0,0.0,0.0,0.0,0.0,0.0
1132,Cheng Xing Enterprise,0.0,0.0,0.0,0.0,0.0,0.0,0.0,0.0,0.0,0.0,0.0
1135,Car World Automobile Pte Ltd,0.0,0.0,0.0,0.0,0.0,0.0,3.1552658160341607,0.0,0.0,0.0,0.0
1137,Gunong Djati Trading,0.0,0.0,0.0,0.0,0.0,0.0,0.0,0.0,0.0,0.0,0.0
1143,Chen Chai Marketing,0.0,0.0,0.0,0.0,0.0,0.0,0.0,0.0,0.0,0.0,0.0
1144,Efizzig Motor Traders,0.0,0.0,0.0,0.0,0.0,0.0,0.0,0.0,0.0,0.0,0.0
1145,S K Motoring,0.0,0.0,0.0,0.0,0.0,0.0,0.0,0.0,0.0,0.0,0.0
1147,BKW Automobile Pte Ltd,0.0,0.0,0.0,0.0,0.0,0.0,0.0,0.0,0.0,0.0,0.0
1149,Autocar Pte Ltd,0.0,0.0,0.0,0.0,0.0,0.0,0.0,0.0,0.0,0.0,0.0
1152,Tai Huat Automobile,0.0,0.0,0.0,0.0,0.0,0.0,0.0,0.0,0.0,0.0,0.0
1154,Choon Bee Motor & Credit,0.0,0.0,0.0,0.0,0.0,0.0,0.0,0.0,0.0,0.0,0.0
1155,Vincent Auto Trading,0.0,0.0,0.0,0.0,0.0,0.0,0.0,0.0,0.0,0.0,0.0
1162,Singapore Automobile.com,0.0,0.0,0.0,0.0,0.0,0.0,0.0,0.0,0.0,0.0,0.0
1163,Motor Universe Credit Pte Ltd,0.0,2.831347235128493,0.0,4.639626455907713,0.0,2.649901242097134,3.09349009227135,0.0,3.755156758938017,0.0,0.0
1164,Fu Yiap Motor Trading,0.0,0.0,0.0,0.0,0.0,0.0,0.0,0.0,0.0,0.0,0.0
1168,ABWIN (1994) Pte Ltd,2.800338588258844,2.436616783747566,0.0,3.2203018486826305,0.0,0.0,2.7151882123189943,0.0,2.4485215456523277,6.720188212318994,4.430695675005562
1172,Auto Inn,0.0,0.0,2.525005820157759,0.0,0.0,2.649430907265773,0.0,4.603684950415837,0.0,0.0,0.0
1173,Index Credit,0.0,0.0,0.0,0.0,0.0,0.0,0.0,0.0,0.0,0.0,0.0
1176,EK Auto (Export) Pte Ltd,0.0,0.0,0.0,0.0,0.0,0.0,0.0,0.0,0.0,0.0,0.0
1177,Motor-Way Credit Pte Ltd,0.0,0.0,3.7213864582359544,5.098626717976214,5.115672172521668,3.054696562765571,2.9456721725216686,4.132741873801896,3.574005505855002,0.0,0.0
1187,Trans Express,0.0,0.0,0.0,0.0,0.0,0.0,0.0,0.0,0.0,0.0,0.0
1188,Fu Ee Cars,0.0,0.0,0.0,0.0,0.0,0.0,0.0,0.0,3.719140631712751,0.0,0.0
1189,Jie Heng Motoring,0.0,2.605642734351779,0.0,2.7312109161699607,0.0,0.0,2.590642734351779,0.0,2.080642734351779,0.0,0.0
1193,Happy Motoring Pte Ltd,0.0,2.375465201316652,0.0,0.0,0.0,0.0,2.7590366298880804,0.0,0.0,0.0,0.0
1194,GV Automobile Centre Pte Ltd,0.0,0.0,0.0,0.0,0.0,0.0,5.366837288871385,0.0,0.0,0.0,0.0
1195,Iterly Motor Pte Ltd,0.0,0.0,0.0,0.0,0.0,0.0,0.0,0.0,0.0,0.0,0.0
1197,Phoenix Motor Trading Enterprise,0.0,0.0,0.0,0.0,0.0,0.0,2.8671221711661787,0.0,0.0,0.0,0.0
1198,Rexy Motor Trading Company,0.0,0.0,0.0,3.723352689017965,0.0,0.0,3.918693598108874,0.0,0.0,0.0,0.0
1203,Thiam Heng Motor,0.0,0.0,0.0,0.0,0.0,0.0,0.0,0.0,0.0,2.6685404424950097,0.0
1206,Sunbright Motors,0.0,0.0,0.0,0.0,0.0,0.0,0.0,0.0,0.0,0.0,0.0
1213,Republic Auto,0.0,5.4954286354612245,5.602571492604081,4.625461102993692,0.0,4.382014001314883,3.96614292117551,0.0,4.172809587842177,0.0,0.0
1220,Pang's Motor Trading Pte Ltd,0.0,2.497257543161629,2.671543257447343,0.0,0.0,0.0,0.0,3.3672229973376093,0.0,0.0,0.0
1223,D H Auto,0.0,0.0,0.0,0.0,0.0,0.0,0.0,0.0,0.0,0.0,0.0
1224,Valley Trading,0.0,0.0,0.0,0.0,0.0,0.0,0.0,0.0,0.0,0.0,2.743504835131838
1228,Fulgent Motors Pte Ltd,0.0,0.0,0.0,0.0,0.0,0.0,0.0,0.0,0.0,0.0,0.0
1232,Tim Bock Enterprise,0.0,2.4957550204352263,0.0,0.0,0.0,0.0,0.0,0.0,2.2171835918637974,0.0,0.0
1233,Convince Auto,0.0,0.0,0.0,0.0,0.0,0.0,0.0,0.0,0.0,2.5949509359577023,0.0
1238,Zenith Automobile,2.2683674365451205,2.5362245794022638,0.0,3.78297782615551,0.0,2.4521653459527863,2.8097960079736923,0.0,3.2564626746403587,0.0,0.0
1242,Lay Auto Pte Ltd,0.0,0.0,0.0,2.444575073446271,2.975825073446271,2.8094487668260615,0.0,2.668570450402174,0.0,0.0,0.0
1243,Hua Heng Motor Trading,0.0,0.0,0.0,0.0,0.0,0.0,0.0,0.0,3.114480154149551,0.0,0.0
1244,Chicago Associates,0.0,0.0,0.0,0.0,0.0,0.0,0.0,0.0,0.0,0.0,0.0
1245,V-Kar Traders Pte Ltd,0.0,0.0,0.0,0.0,0.0,0.0,3.053636817803673,0.0,0.0,0.0,0.0
1256,Hoe Beng Auto Trading,0.0,2.835687228422174,0.0,2.632115799850746,0.0,0.0,0.0,0.0,2.632115799850746,0.0,0.0
1264,Car Lingual,0.0,0.0,0.0,0.0,0.0,0.0,0.0,0.0,0.0,0.0,0.0
1266,Apex Trading Pte Ltd,0.0,2.6416187988762885,0.0,0.0,0.0,0.0,0.0,0.0,0.0,0.0,0.0
1268,Chai Giap Auto Trading,0.0,0.0,0.0,0.0,0.0,0.0,0.0,0.0,0.0,0.0,0.0
1269,Sanctuary Motor,0.0,0.0,0.0,0.0,0.0,0.0,3.581651759464586,3.8237783597490806,2.8616517594645856,0.0,0.0
1270,AB Zone,0.0,0.0,0.0,0.0,0.0,0.0,0.0,0.0,2.360932073001712,0.0,0.0
1277,Creative Auto,0.0,3.3468332050081298,2.660880824055749,4.9168819063068305,0.0,3.345700800826945,3.7754046335795586,0.0,4.217071300246225,0.0,0.0
1281,Auto Venture Motoring,0.0,2.6654057616517592,0.0,0.0,0.0,0.0,0.0,0.0,0.0,0.0,0.0
1288,G.S.T. Automobile Trading,0.0,0.0,0.0,0.0,0.0,0.0,0.0,0.0,0.0,0.0,0.0
1290,Leco Auto Pte Ltd,0.0,0.0,0.0,3.25923330721381,0.0,0.0,0.0,0.0,2.771543913274416,0.0,0.0
1294,Igua Motoring,0.0,0.0,0.0,0.0,0.0,0.0,2.7663248063640022,0.0,0.0,0.0,0.0
1300,Auto Quest Singapore,0.0,0.0,0.0,0.0,0.0,0.0,0.0,0.0,0.0,0.0,0.0
1304,BCC Auto Credit,0.0,0.0,0.0,0.0,0.0,0.0,0.0,0.0,0.0,0.0,0.0
1307,Henly Enterprises Co,0.0,3.0218803504239675,0.0,2.92447775302137,0.0,2.6447026500755357,2.7990232075668247,0.0,2.7123565409001578,0.0,0.0
1309,Bellamy Trading,0.0,0.0,0.0,0.0,0.0,0.0,0.0,0.0,0.0,0.0,0.0
1320,Tan Motor Car Enterprise,0.0,0.0,0.0,2.1033887438335186,0.0,0.0,0.0,0.0,2.1033887438335186,0.0,0.0
1321,Soon Kit Enterprise,0.0,0.0,0.0,0.0,0.0,0.0,0.0,0.0,0.0,0.0,0.0
1326,Car One Auto Pte Ltd,0.0,0.0,0.0,0.0,0.0,0.0,0.0,0.0,0.0,0.0,0.0
1327,GF Motor Trading Enterprise,0.0,0.0,0.0,0.0,0.0,0.0,0.0,0.0,0.0,0.0,0.0
1328,Hon Brothers Pte Ltd,4.11380431553618,0.0,0.0,0.0,0.0,0.0,0.0,0.0,0.0,0.0,2.6624372411337567
1335,Videan Trading,0.0,0.0,0.0,0.0,0.0,0.0,0.0,0.0,2.322953557264799,0.0,0.0
1337,Ace Automobile,0.0,0.0,0.0,0.0,0.0,0.0,0.0,0.0,0.0,0.0,0.0
1339,Swee Seng Motors,0.0,2.432633456431577,2.2819191707172912,3.0801983914965123,0.0,0.0,2.5790620278601484,0.0,2.1540620278601486,0.0,0.0
1340,Guan Motor Trading,0.0,0.0,0.0,2.649401683611875,0.0,0.0,0.0,0.0,0.0,0.0,0.0
1343,Auto Optima,0.0,0.0,0.0,0.0,0.0,0.0,0.0,0.0,0.0,0.0,0.0
1344,CARWAY,0.0,4.41194306440608,3.0481335405965555,5.408777479990495,0.0,3.0394691968102605,4.079800207263222,2.6705896809474328,3.438133540596555,0.0,0.0
1345,Carbiz Pte Ltd,0.0,0.0,0.0,0.0,0.0,0.0,0.0,0.0,0.0,0.0,0.0
1350,Desmond Auto Trading,0.0,0.0,0.0,0.0,0.0,0.0,0.0,0.0,0.0,0.0,0.0
1351,MCT Trader LLP,0.0,2.283004841459939,0.0,0.0,0.0,0.0,0.0,0.0,0.0,0.0,0.0
1353,Le Motor Enterprise,0.0,2.567755305218423,0.0,0.0,0.0,0.0,0.0,0.0,2.3213267337898515,0.0,0.0
1354,Cosmo Automobiles,0.0,3.154807860293153,2.995522146007439,4.063411756397048,0.0,0.0,2.5940935745788676,0.0,3.735760241245534,0.0,0.0
1359,Boeki Auto Pte Ltd,0.0,3.2604328647381133,0.0,0.0,0.0,0.0,0.0,0.0,0.0,0.0,0.0
1360,Thrive Auto,0.0,0.0,0.0,0.0,0.0,0.0,2.990345688836945,0.0,0.0,0.0,0.0
1367,Mofocorp,0.0,0.0,0.0,0.0,0.0,0.0,0.0,0.0,0.0,0.0,0.0
1368,Vin's Auto,0.0,0.0,0.0,2.4749673054634203,0.0,0.0,0.0,0.0,2.9986415478876625,0.0,0.0
1371,Link Auto,0.0,0.0,0.0,0.0,0.0,0.0,0.0,0.0,0.0,0.0,0.0
1376,Sun Master Trading Co.,0.0,0.0,0.0,0.0,0.0,0.0,0.0,0.0,0.0,0.0,0.0
1377,Twin Wheels Auto Trading Enterprise,0.0,0.0,0.0,0.0,0.0,0.0,0.0,0.0,0.0,0.0,0.0
1385,Tatco Enterprise,0.0,0.0,0.0,0.0,0.0,0.0,0.0,0.0,0.0,0.0,0.0
1386,Dave Motor Trading Company,0.0,0.0,0.0,0.0,0.0,0.0,0.0,0.0,0.0,0.0,0.0
1387,Matching Cars Services,0.0,0.0,0.0,0.0,0.0,0.0,0.0,0.0,0.0,0.0,0.0
1397,A M T Automobile,0.0,0.0,0.0,0.0,0.0,0.0,0.0,0.0,0.0,0.0,0.0
1398,Euro Motors Pte Ltd,0.0,0.0,0.0,0.0,0.0,0.0,0.0,0.0,0.0,0.0,0.0
1399,Jet E Motor Trading,0.0,0.0,2.078211549293111,0.0,0.0,0.0,2.7132115492931113,0.0,0.0,0.0,0.0
1400,Auto Zoom Enterprise Pte Ltd,0.0,0.0,4.531509938033713,0.0,0.0,3.7378862446539216,2.5350813666051413,0.0,2.375081366605141,0.0,0.0
1418,Horizon Motoring,0.0,0.0,3.528681575989364,0.0,0.0,0.0,0.0,0.0,0.0,0.0,0.0
1421,William's Auto,0.0,0.0,0.0,0.0,0.0,0.0,0.0,0.0,2.3824130692454943,0.0,0.0
1429,Epicarz Pte Ltd,0.0,3.7082222179341646,0.0,0.0,0.0,0.0,3.685365075077022,0.0,3.1320317417436883,0.0,0.0
1431,Chartered Motor,0.0,0.0,0.0,0.0,0.0,0.0,0.0,0.0,0.0,0.0,0.0
1433,Auto Habitat,0.0,0.0,0.0,0.0,0.0,0.0,0.0,0.0,0.0,0.0,0.0
1460,Carzbond,0.0,0.0,0.0,0.0,0.0,0.0,0.0,0.0,0.0,0.0,0.0
1462,Easy Car Pte Ltd,0.0,0.0,0.0,0.0,0.0,0.0,0.0,0.0,0.0,0.0,0.0
1463,Premium Automobiles,0.0,3.8420123536140567,5.385107591709295,0.0,0.0,3.5600437124990743,0.0,0.0,0.0,0.0,0.0
2001,Leco Prestige,0.0,0.0,0.0,0.0,0.0,0.0,0.0,0.0,0.0,0.0,0.0
2002,Cars Connect,0.0,0.0,0.0,0.0,0.0,0.0,0.0,0.0,0.0,0.0,0.0
2006,Transco Enterprises,0.0,0.0,0.0,0.0,0.0,0.0,0.0,0.0,0.0,0.0,0.0
2007,SG Car Shoppers Pte Ltd,0.0,0.0,0.0,0.0,0.0,0.0,0.0,0.0,0.0,0.0,0.0
2008,JDM Cars,0.0,2.6930855348311016,0.0,0.0,0.0,2.6813259529495683,0.0,2.6282359107709508,2.37165696340253,0.0,0.0
2009,Hong Seh Motors Pte Ltd,0.0,0.0,0.0,0.0,0.0,0.0,0.0,0.0,0.0,0.0,0.0
2010,VINCAR Pte Ltd,0.0,3.972299333383132,6.356823142906942,6.846000632084431,0.0,7.0211669292019465,3.0387279048117035,5.249595614626781,6.327061238145037,0.0,0.0
2011,Eurokars Pre Owned,0.0,0.0,0.0,0.0,0.0,0.0,0.0,0.0,0.0,0.0,0.0
2014,Jack Cars Enterprise Pte Ltd,0.0,2.4867917069465495,2.5265536117084544,0.0,0.0,2.630258605901253,0.0,0.0,0.0,0.0,0.0
2015,Autolink Holdings Pte Ltd,0.0,0.0,2.6213343694516085,0.0,0.0,2.870428446106661,0.0,0.0,2.230620083737323,0.0,0.0
2021,Hua Hong Motoring,0.0,0.0,2.8552821368257795,2.982836249379892,0.0,0.0,0.0,0.0,0.0,0.0,0.0
2023,SH Vehicle Traders Pte Ltd,0.0,2.6323425625458494,0.0,3.105475679428966,0.0,0.0,2.4337711339744206,0.0,2.9871044673077543,0.0,0.0
2025,ST Auto Pte Ltd,0.0,2.909990243567549,2.6295140530913583,0.0,0.0,0.0,3.3614188149961204,0.0,0.0,0.0,0.0
2026,Corsica Trading,0.0,0.0,0.0,0.0,0.0,0.0,0.0,0.0,0.0,0.0,0.0
2030,Sportsway Auto Trading,0.0,2.7184954370482943,2.523733532286389,0.0,2.9256382941911516,0.0,0.0,0.0,0.0,0.0,0.0
2034,I Efficient Auto,0.0,0.0,0.0,0.0,0.0,0.0,0.0,0.0,0.0,0.0,0.0
2036,Kings Auto Enterprise,0.0,0.0,0.0,0.0,0.0,0.0,0.0,0.0,0.0,0.0,0.0
2037,Cycle & Carriage.Fulco Motor Dealer,0.0,0.0,0.0,0.0,0.0,0.0,0.0,0.0,2.967327646328735,0.0,0.0
2038,Wearnes Pre-Owned,0.0,2.398865221860548,3.0291033170986434,0.0,0.0,3.520380901303057,0.0,0.0,2.78576998376531,0.0,0.0
2041,Tong Motoring,0.0,0.0,0.0,0.0,0.0,0.0,0.0,0.0,0.0,0.0,0.0
2044,Pang Lay Automobile,0.0,0.0,0.0,0.0,0.0,0.0,0.0,0.0,0.0,0.0,0.0
2047,Chuan Choon Motor Trading Co.,0.0,0.0,0.0,0.0,0.0,0.0,0.0,0.0,0.0,2.916257444324829,0.0
2049,Straits Euro Motors Pte Ltd,0.0,3.028939620374466,2.673463429898275,0.0,0.0,2.579723592499901,0.0,0.0,0.0,0.0,0.0
2050,Sng Auto Pte Ltd,0.0,0.0,3.1639162536170367,0.0,0.0,0.0,0.0,0.0,2.750344825045608,0.0,0.0
2051,Ole Supercars,0.0,0.0,2.4055087095727057,0.0,0.0,0.0,0.0,3.143960243813714,2.82431823338223,0.0,0.0
2052,TTS Eurocars,0.0,3.482039021037579,4.127277116275675,2.7020877223362803,0.0,3.502422296298903,0.0,3.175404190718538,3.043943782942341,0.0,0.0
2061,Kah Motor,0.0,0.0,0.0,0.0,0.0,0.0,0.0,0.0,0.0,0.0,0.0
2070,Automotive Direct,0.0,0.0,0.0,0.0,0.0,0.0,0.0,0.0,0.0,0.0,0.0
2077,Benefit Auto Enterprise Pte Ltd,0.0,3.3722307878121263,0.0,4.291711307292646,0.0,3.018310927184949,3.555802216383555,0.0,3.1174688830502215,0.0,0.0
2080,88 Motor Trading,0.0,4.793591915905429,4.412639534953048,7.335556201619714,0.0,3.7716406963932334,4.574306201619715,3.354270639742047,5.304306201619714,0.0,0.0
2083,Motor Kaiser Enterprise,0.0,0.0,0.0,0.0,0.0,0.0,0.0,0.0,0.0,0.0,0.0
2085,Allswell Motor Traders,0.0,0.0,0.0,0.0,0.0,0.0,2.6791512940690647,0.0,0.0,0.0,0.0
2087,Pro Carz Pte Ltd,0.0,0.0,0.0,0.0,0.0,0.0,0.0,0.0,0.0,0.0,0.0
2091,Venture Cars Pte Ltd,0.0,0.0,0.0,0.0,0.0,0.0,0.0,0.0,0.0,0.0,0.0
2093,AutoInc Pte Ltd,0.0,0.0,0.0,0.0,0.0,0.0,0.0,3.4523183546246474,0.0,0.0,0.0
2097,ValueCars Auto Traders,0.0,2.943319935923764,0.0,3.2123946112484396,0.0,0.0,3.055462793066621,0.0,2.6337961263999543,0.0,0.0
2098,JNS Motor Trading,0.0,0.0,0.0,0.0,0.0,0.0,0.0,0.0,0.0,0.0,0.0
2101,Aeon Credit,0.0,0.0,0.0,0.0,0.0,0.0,0.0,0.0,0.0,0.0,0.0
2104,The Car Connextion,0.0,0.0,0.0,0.0,0.0,0.0,0.0,0.0,0.0,0.0,0.0
2114,Uniquecars Trading,0.0,0.0,0.0,0.0,0.0,0.0,0.0,0.0,0.0,0.0,0.0
2126,Feliks Automobile,0.0,0.0,0.0,0.0,0.0,0.0,0.0,0.0,0.0,0.0,0.0
2128,SB Motoring Pte Ltd,0.0,2.4109784252534485,0.0,0.0,0.0,0.0,0.0,0.0,0.0,0.0,0.0
2132,Lau Boon Lee,0.0,0.0,0.0,0.0,0.0,0.0,0.0,0.0,0.0,0.0,0.0
2133,Motorworld,0.0,0.0,0.0,2.882166845251684,3.1406895725244115,0.0,2.9106895725244115,0.0,0.0,0.0,0.0
2135,Car Auto Connection Pte Ltd,0.0,0.0,0.0,0.0,0.0,0.0,0.0,0.0,0.0,0.0,0.0
2138,RNJ Motoring,0.0,2.3089978485584766,0.0,0.0,0.0,0.0,0.0,0.0,0.0,0.0,0.0
2139,Red Dot Auto Pte Ltd,0.0,0.0,0.0,0.0,0.0,0.0,0.0,0.0,0.0,0.0,0.0
2140,SK Auto,0.0,3.023576358325277,0.0,0.0,0.0,2.7028446510082036,3.51143350118242,0.0,3.5164335011824197,0.0,0.0
2150,Seng Huat Motors Trading Pte Ltd,0.0,0.0,0.0,0.0,0.0,0.0,0.0,0.0,0.0,0.0,0.0
2163,D&L Auto Trading,0.0,3.42921964379937,0.0,3.3073852282149545,0.0,0.0,3.6913625009422275,0.0,0.0,0.0,0.0
2165,Sin Eng Motor Trading,0.0,0.0,0.0,0.0,0.0,0.0,0.0,0.0,0.0,0.0,0.0
2171,YS Auto Pte Ltd,0.0,2.379419519605125,0.0,0.0,0.0,0.0,0.0,0.0,0.0,0.0,0.0
2173,Avon Cars Pte Ltd,0.0,0.0,0.0,0.0,0.0,0.0,0.0,0.0,0.0,0.0,0.0
2175,Roadlink Auto Pte Ltd,0.0,2.83184356718852,0.0,0.0,0.0,0.0,0.0,0.0,3.627081662426615,0.0,0.0
2179,Credential Motor Pte Ltd,0.0,0.0,0.0,0.0,0.0,0.0,0.0,0.0,0.0,0.0,0.0
2185,Auto 51 Pte Ltd,0.0,0.0,0.0,0.0,2.9628378158410444,0.0,0.0,0.0,0.0,0.0,0.0
2189,Pure Motors Pte Ltd,0.0,3.4697266208207918,3.4742504303446013,2.8823077896519607,0.0,0.0,3.0140123351065062,0.0,0.0,0.0,0.0
2191,William Lee Car Aircon Engineering,0.0,2.487384475840164,2.102146380602069,2.1632773329830215,0.0,0.0,0.0,0.0,2.0695273329830215,0.0,0.0
2192,Unicars Automobile,0.0,0.0,0.0,0.0,0.0,0.0,0.0,0.0,0.0,0.0,0.0
2193,Sino Credit Pte Ltd,0.0,0.0,0.0,0.0,0.0,0.0,0.0,0.0,0.0,0.0,0.0
2197,Juzt Carz Auto,0.0,0.0,0.0,0.0,0.0,0.0,0.0,0.0,0.0,0.0,0.0
2198,Auto Midas (S) Pte Ltd,0.0,0.0,0.0,0.0,0.0,0.0,0.0,0.0,2.5371242610207463,0.0,0.0
2199,Car House Pte Ltd,0.0,3.1380573508551035,0.0,3.1102976105953632,0.0,3.483179302074616,3.617343065140818,0.0,4.210676398474151,0.0,0.0
2201,Alliance Automobile,0.0,0.0,0.0,0.0,0.0,0.0,0.0,0.0,0.0,0.0,0.0
2203,SA Automobile Pte Ltd,0.0,0.0,0.0,0.0,0.0,0.0,0.0,0.0,0.0,0.0,0.0
2211,Ocean Cars Prestige Pte Ltd,0.0,0.0,0.0,0.0,0.0,0.0,0.0,0.0,0.0,0.0,0.0
2213,Vertex Automobile Pte Ltd,0.0,0.0,0.0,0.0,0.0,0.0,0.0,0.0,2.4183253093615535,0.0,0.0
2215,Banyan Auto,0.0,0.0,0.0,2.173367158898143,0.0,0.0,0.0,0.0,0.0,0.0,0.0
2217,Excel Motoring,0.0,0.0,0.0,0.0,0.0,0.0,0.0,0.0,0.0,0.0,0.0
2220,Lim Khim Motor Trading Co,0.0,0.0,0.0,0.0,0.0,0.0,0.0,0.0,0.0,0.0,0.0
2223,Rocket Auto Trading,0.0,0.0,0.0,0.0,0.0,0.0,0.0,0.0,0.0,0.0,0.0
2224,AL Autocar Pte Ltd,0.0,0.0,0.0,2.809770749799699,0.0,2.756912023160485,2.5043162043451535,0.0,3.68098287101182,0.0,0.0
2239,Hui Hua Credit Pte Ltd,0.0,2.767914537585336,4.1117240613948605,3.007849602520401,0.0,2.8266253389790643,0.0,2.766044998873692,2.704819299490098,0.0,0.0
2240,Pro-Tac Marketing,0.0,0.0,0.0,0.0,0.0,0.0,0.0,0.0,0.0,0.0,0.0
2243,Concordway Pte Ltd,0.0,0.0,2.5379847355032075,0.0,0.0,0.0,0.0,0.0,0.0,0.0,0.0
2244,Kristem Trading Pte Ltd,0.0,0.0,0.0,0.0,0.0,0.0,0.0,0.0,0.0,0.0,0.0
2245,Delgrow Automotive,0.0,0.0,2.539592965223612,0.0,0.0,0.0,0.0,0.0,2.3393548699855167,0.0,0.0
2246,Senbel Automobile,0.0,0.0,0.0,0.0,0.0,0.0,0.0,0.0,0.0,0.0,0.0
2251,Karz Koncept,0.0,0.0,0.0,0.0,4.019602739761877,0.0,0.0,2.5786354566893315,0.0,0.0,0.0
2253,WheelPower Automobile Pte Ltd,0.0,0.0,0.0,0.0,0.0,0.0,0.0,0.0,0.0,0.0,0.0
2264,Carz Avenue,0.0,0.0,0.0,0.0,0.0,0.0,0.0,0.0,0.0,0.0,0.0
2268,Dencars Pte Ltd,0.0,0.0,0.0,0.0,0.0,0.0,0.0,0.0,0.0,0.0,0.0
2276,T2 Motoring,0.0,0.0,0.0,0.0,0.0,0.0,0.0,0.0,0.0,0.0,0.0
2277,Lei Fu Trading Co.,0.0,0.0,0.0,0.0,0.0,0.0,0.0,0.0,0.0,0.0,0.0
2280,Top Gear Auto,0.0,0.0,0.0,0.0,0.0,0.0,0.0,0.0,0.0,0.0,0.0
2282,Cars Selection Pte Ltd,0.0,2.3030280542962904,0.0,0.0,0.0,0.0,0.0,0.0,0.0,0.0,0.0
2290,Zion Auto Gallery,0.0,2.2045057171021383,0.0,0.0,0.0,2.2410910829557973,0.0,0.0,0.0,0.0,0.0
2291,Autotrust Traders Pte Ltd,0.0,4.1621702100212135,4.470979733830737,0.0,0.0,3.6927451229132005,0.0,0.0,0.0,0.0,0.0
2295,Superb Cars,0.0,0.0,0.0,0.0,0.0,0.0,0.0,0.0,0.0,0.0,0.0
2296,Trust Motoring,0.0,3.1770906931829357,2.830424026516269,2.7666199139621566,0.0,0.0,0.0,0.0,2.6425668836591263,0.0,0.0
2298,Yah Motor,0.0,0.0,0.0,0.0,0.0,0.0,0.0,0.0,0.0,0.0,0.0
2300,Swift Garage Pte Ltd,0.0,0.0,0.0,0.0,0.0,0.0,0.0,0.0,0.0,0.0,0.0
2303,Select By Performance Premium Selection,0.0,4.295755711596687,4.5412319020728775,0.0,0.0,4.4526372446977325,0.0,0.0,0.0,0.0,0.0
2305,Ideal Automobile Pte Ltd,0.0,2.7480555348446654,0.0,0.0,0.0,0.0,2.75234124913038,0.0,0.0,0.0,0.0
2311,Seng Lee Hong Vehicle Trading,0.0,0.0,0.0,0.0,0.0,0.0,3.0310300287391945,0.0,0.0,0.0,0.0
2315,Yes Motoring,0.0,0.0,0.0,0.0,0.0,0.0,2.60288367521019,0.0,0.0,0.0,0.0
2318,Gold Flames Investments,0.0,0.0,0.0,0.0,0.0,0.0,0.0,2.745274655458881,0.0,0.0,0.0
2332,High Speed Motor,0.0,0.0,0.0,0.0,0.0,0.0,0.0,0.0,0.0,0.0,0.0
2338,MK Vehicle Enterprise,0.0,0.0,0.0,0.0,0.0,0.0,0.0,0.0,0.0,0.0,0.0
2341,StarBright Auto Pte Ltd,0.0,0.0,3.6319209649700817,3.0504545147536315,0.0,0.0,0.0,0.0,3.502159060208177,0.0,0.0
2345,Trans Motor,0.0,0.0,0.0,0.0,0.0,0.0,0.0,0.0,0.0,0.0,0.0
2348,Jun Shi Auto Pte Ltd,0.0,0.0,0.0,0.0,0.0,0.0,0.0,0.0,0.0,0.0,0.0
2349,Speedo Motoring,0.0,2.7908903338110007,2.488985571906239,2.8198676065382733,0.0,0.0,0.0,0.0,0.0,0.0,0.0
2351,Performance Premium Selection Limited,0.0,5.508469221563548,5.347278745373071,5.378355585199911,0.0,5.304897792992119,0.0,0.0,0.0,0.0,0.0
2352,Harvest Motoring Pte Ltd,0.0,0.0,0.0,0.0,0.0,0.0,0.0,0.0,2.601640109562655,0.0,0.0
2354,Karz Enterprise,0.0,0.0,0.0,0.0,0.0,0.0,0.0,0.0,0.0,0.0,0.0
2377,73 Automotives Concept,0.0,0.0,0.0,0.0,0.0,0.0,0.0,0.0,0.0,0.0,0.0
2380,P M Motoring Trading,0.0,0.0,0.0,0.0,0.0,0.0,0.0,0.0,0.0,0.0,0.0
2387,Autobahn Motors (S) Pte Ltd,0.0,0.0,0.0,0.0,0.0,0.0,0.0,3.481951490611569,0.0,0.0,0.0
2389,Tradeit.Com Pte Ltd,0.0,3.2193414594136716,3.4100557451279574,0.0,0.0,0.0,0.0,0.0,0.0,0.0,0.0
2391,D2 Motors,0.0,0.0,0.0,2.9637000867055128,0.0,0.0,0.0,0.0,3.0820712988267247,0.0,0.0
2392,Zee Car,0.0,0.0,0.0,0.0,0.0,0.0,0.0,0.0,2.2477994593945607,0.0,0.0
2393,Jetsprint Auto Enterprises,0.0,0.0,0.0,0.0,0.0,0.0,0.0,0.0,0.0,0.0,0.0
2396,Aden Automobile,0.0,0.0,0.0,0.0,0.0,0.0,0.0,0.0,2.472159136494559,0.0,0.0
2397,Starise Automobile,0.0,2.643050008548831,0.0,0.0,0.0,2.6348618552387264,3.0216214371202597,0.0,2.7299547704535927,0.0,0.0
2403,Super Auto,0.0,0.0,0.0,0.0,0.0,0.0,0.0,0.0,0.0,0.0,0.0
2404,Oscars Auto,0.0,2.600792955242904,0.0,0.0,0.0,0.0,0.0,0.0,0.0,0.0,0.0
2405,Star Deals Gallery,0.0,0.0,0.0,0.0,0.0,0.0,0.0,0.0,0.0,0.0,0.0
2408,New Autodrive,0.0,0.0,0.0,2.9814700693580116,0.0,0.0,0.0,0.0,0.0,0.0,0.0
2409,Automobile Connection,0.0,0.0,0.0,0.0,0.0,0.0,0.0,0.0,0.0,0.0,0.0
2410,Privilege Motors Pte Ltd,0.0,0.0,3.5280383604119603,0.0,0.0,0.0,0.0,0.0,0.0,0.0,0.0
2412,Ideal Motoring,0.0,0.0,0.0,0.0,0.0,0.0,0.0,0.0,0.0,0.0,0.0
2413,Brilliant Carz Automobile,0.0,0.0,0.0,0.0,0.0,0.0,0.0,0.0,0.0,0.0,0.0
2416,Quality Motor Trading Enterprise,0.0,0.0,0.0,0.0,0.0,0.0,0.0,0.0,0.0,0.0,0.0
2421,Elites Premium Auto,0.0,1.6615188075709646,0.0,0.0,0.0,0.0,0.0,0.0,0.0,0.0,0.0
2425,Elite Car Trading,0.0,2.6465296377877157,0.0,0.0,0.0,0.0,0.0,0.0,2.2608153520734295,0.0,0.0
2428,Advance Auto Trading,0.0,2.907361353511363,0.0,0.0,0.0,0.0,0.0,0.0,0.0,0.0,0.0
2429,ST Carz Pte Ltd ,0.0,0.0,0.0,2.852564412926182,0.0,0.0,0.0,0.0,2.210518958380727,0.0,0.0
2430,Performance Cars Pte Ltd,0.0,0.0,2.7201072366034103,0.0,0.0,0.0,0.0,2.454750601773091,2.2465358080319815,0.0,0.0
2434,Bliss Auto,0.0,0.0,0.0,0.0,0.0,0.0,0.0,0.0,0.0,0.0,0.0
2439,Silverstone Auto,0.0,0.0,0.0,0.0,0.0,0.0,0.0,0.0,0.0,0.0,0.0
2440,Victory Cars Trading Pte Ltd,0.0,0.0,0.0,3.053974241902999,0.0,0.0,0.0,0.0,3.8617393934181505,0.0,0.0
2446,Care Motor,0.0,0.0,0.0,0.0,0.0,0.0,0.0,0.0,0.0,0.0,0.0
2447,Auto D & D Trading,0.0,0.0,0.0,0.0,0.0,0.0,0.0,0.0,0.0,0.0,0.0
2448,Emperor Motors,0.0,2.83047171554695,0.0,2.6557152220404565,0.0,2.5045135273936396,0.0,0.0,2.531662191737426,0.0,0.0
2454,The Car Regency Pte Ltd,0.0,2.461823091238816,2.533727853143578,2.7665308834466082,0.0,0.0,0.0,0.0,3.257061186476911,0.0,0.0
2456,RPM Automobile Pte Ltd,0.0,0.0,0.0,0.0,0.0,0.0,0.0,0.0,0.0,0.0,0.0
2465,Car Instinct,0.0,0.0,0.0,0.0,0.0,0.0,0.0,0.0,0.0,0.0,0.0
2470,Chrysler Jeep Automotive Of Singapore Pte Ltd,0.0,0.0,0.0,0.0,0.0,0.0,0.0,0.0,0.0,0.0,0.0
2485,Grande Auto Credit,0.0,0.0,0.0,0.0,0.0,0.0,0.0,0.0,0.0,0.0,0.0
2488,Juzz For Cars Selections,0.0,0.0,0.0,0.0,0.0,0.0,0.0,0.0,0.0,0.0,0.0
2491,Choon's Motor Trading,0.0,0.0,0.0,0.0,0.0,0.0,0.0,0.0,0.0,0.0,0.0
2493,Trust Motor Trading,0.0,2.5648547482622006,0.0,3.019562540469993,0.0,0.0,3.093426176833629,2.4092156505178397,0.0,0.0,0.0
2494,Bee Huat Credit,0.0,0.0,0.0,0.0,0.0,0.0,2.499936448476889,0.0,2.259936448476889,0.0,0.0
2495,Kao Lian Enterprise,0.0,0.0,0.0,0.0,0.0,0.0,2.6268199352881,0.0,0.0,0.0,0.0
2496,Auracar Pte Ltd,0.0,0.0,0.0,2.1026249481300865,0.0,0.0,0.0,0.0,2.81095828146342,0.0,0.0
2511,Ital Auto,0.0,0.0,0.0,0.0,0.0,0.0,0.0,0.0,0.0,0.0,0.0
2515,GMA Auto Enterprise LLP,0.0,0.0,2.663329217689404,0.0,0.0,0.0,0.0,0.0,0.0,0.0,0.0
2518,Hamilton Autohub Pte Ltd,0.0,,,0.0,0.0,,0.0,0.0,0.0,0.0,0.0
2521,DM Pre-Owned Pte Ltd,0.0,0.0,0.0,0.0,0.0,0.0,0.0,0.0,0.0,0.0,0.0
2523,Urban Motors Pte Ltd,0.0,0.0,0.0,0.0,0.0,0.0,0.0,0.0,0.0,0.0,0.0
2525,T & W Motoring,0.0,0.0,0.0,0.0,0.0,0.0,0.0,0.0,0.0,0.0,0.0
2531,Blitz Motoring,0.0,0.0,0.0,0.0,0.0,0.0,0.0,0.0,0.0,0.0,0.0
2541,GS Automobiles Pte Ltd,0.0,0.0,0.0,0.0,0.0,0.0,2.7695292440210832,0.0,0.0,0.0,0.0
2542,Carteam Pte Ltd,0.0,0.0,0.0,0.0,0.0,0.0,0.0,0.0,0.0,0.0,0.0
2547,The Car Enthusiast Pte Ltd,0.0,0.0,0.0,0.0,0.0,0.0,2.2630424499940553,0.0,0.0,0.0,0.0
2548,Paradise Auto,0.0,0.0,0.0,0.0,0.0,0.0,0.0,0.0,0.0,0.0,0.0
2549,Borneo Motors (S),0.0,0.0,3.0718183944176967,0.0,0.0,2.878775421130821,2.9122945848938873,0.0,0.0,0.0,0.0
2550,A Asset Automobile Pte Ltd,0.0,0.0,0.0,0.0,0.0,0.0,0.0,0.0,0.0,0.0,0.0
2552,Auto Induz3,0.0,0.0,0.0,0.0,0.0,0.0,0.0,0.0,0.0,0.0,0.0
2554,Formular Enterprise,0.0,0.0,0.0,0.0,0.0,0.0,0.0,0.0,0.0,0.0,0.0
2556,1 Auto Co Pte Ltd,0.0,0.0,0.0,0.0,0.0,0.0,0.0,0.0,0.0,0.0,0.0
2563,Prem Roy Motoring,0.0,3.1994545169659157,4.815883088394487,3.6730746468360453,4.181597374108772,3.5892628793352532,3.786597374108773,5.535793675673495,3.2232640407754394,0.0,0.0
2565,Mega Motors,0.0,0.0,0.0,0.0,0.0,0.0,0.0,0.0,2.4382112974337256,0.0,0.0
2567,Garage R,0.0,0.0,0.0,0.0,0.0,0.0,0.0,0.0,0.0,0.0,0.0
2572,Porsche Pre-Owned Centre,0.0,0.0,0.0,0.0,0.0,0.0,0.0,3.112031395922201,0.0,0.0,0.0
2577,Sunrich Motoring,0.0,0.0,0.0,0.0,0.0,0.0,0.0,0.0,0.0,0.0,0.0
2578,Highline Automotive,0.0,2.9704205621629223,0.0,2.8892517309940917,0.0,0.0,0.0,0.0,2.8097062764486367,0.0,0.0
2585,Nordad,0.0,0.0,0.0,0.0,0.0,0.0,0.0,0.0,0.0,0.0,0.0
2591,Hong Wei Vehicle Pte Ltd,0.0,0.0,0.0,0.0,0.0,0.0,0.0,0.0,0.0,0.0,0.0
2601,Ritz Automobile,0.0,0.0,0.0,0.0,0.0,0.0,0.0,0.0,2.463327980290944,0.0,0.0
2604,JCWC Automobile,0.0,0.0,0.0,0.0,0.0,0.0,0.0,0.0,0.0,0.0,0.0
2617,Lim Tan Motor Pte Ltd,0.0,0.0,0.0,0.0,0.0,0.0,0.0,0.0,0.0,0.0,0.0
2624,Esteem Performance Pte Ltd,0.0,0.0,0.0,0.0,0.0,0.0,0.0,0.0,0.0,0.0,0.0
2633,AA Trust Automotive,0.0,1.6447616506524407,2.6609521268429166,1.8394856766264667,0.0,1.6383156576210818,0.0,0.0,1.291190222081012,0.0,0.0
2648,CarQuotations,0.0,2.8181060897547536,2.459534661183325,0.0,0.0,0.0,0.0,0.0,0.0,0.0,0.0
2649,Eurokars Next Pte Ltd,0.0,2.894969052829942,0.0,0.0,0.0,0.0,0.0,0.0,0.0,0.0,0.0
2650,SKL Automobile Pte Ltd,0.0,2.9936380409174337,0.0,2.9014302487096413,0.0,2.6139342081648205,0.0,0.0,0.0,0.0,0.0
2651,General Leasing Pte Ltd,0.0,0.0,0.0,0.0,0.0,0.0,0.0,0.0,0.0,0.0,0.0
2655,Universal Auto Pte Ltd,0.0,0.0,0.0,0.0,0.0,0.0,0.0,0.0,0.0,0.0,0.0
2659,Keen Auto Pte Ltd,0.0,0.0,0.0,0.0,0.0,0.0,0.0,0.0,0.0,0.0,0.0
2668,SG Cash N Cars,0.0,0.0,0.0,0.0,0.0,0.0,0.0,0.0,0.0,0.0,0.0
2676,Takashima Auto Enterprise,0.0,0.0,0.0,0.0,0.0,0.0,0.0,0.0,0.0,0.0,0.0
2677,Shin Automobile & Trading Pte Ltd,0.0,0.0,0.0,0.0,0.0,0.0,0.0,0.0,0.0,0.0,0.0
2678,Showroomcars Pte Ltd,0.0,0.0,0.0,0.0,0.0,0.0,0.0,0.0,0.0,0.0,0.0
2681,Quantum Automobile,0.0,0.0,0.0,0.0,0.0,0.0,0.0,0.0,0.0,0.0,0.0
2689,HTS Motor,0.0,0.0,3.59756735258259,0.0,0.0,0.0,0.0,0.0,2.430662590677828,0.0,0.0
2690,1axis,0.0,6.166212505322593,3.3926410767511648,6.699167050777139,0.0,4.435289160374858,6.311212505322594,3.005508380144784,5.591212505322594,0.0,0.0
2692,Vital Motor Pte Ltd,0.0,0.0,0.0,0.0,0.0,0.0,0.0,0.0,0.0,0.0,0.0
2695,Sennau Automobile Pte Ltd,0.0,0.0,0.0,0.0,0.0,0.0,0.0,0.0,0.0,0.0,0.0
2701,Rays Inn Auto,0.0,0.0,0.0,0.0,0.0,0.0,0.0,0.0,0.0,0.0,0.0
2702,DSC Motor LLP,0.0,0.0,0.0,0.0,0.0,0.0,0.0,0.0,0.0,0.0,0.0
2705,AS Automotive Specialist,0.0,0.0,0.0,0.0,0.0,0.0,0.0,0.0,0.0,0.0,0.0
2707,Wagon Mate Pte Ltd,0.0,0.0,0.0,0.0,0.0,0.0,0.0,0.0,0.0,0.0,0.0
2712,GS Cars Pte Ltd,0.0,0.0,0.0,0.0,0.0,0.0,0.0,0.0,0.0,0.0,0.0
2714,Wheelsjunction,0.0,0.0,0.0,0.0,0.0,0.0,0.0,0.0,0.0,0.0,0.0
2715,A&L Automobile Pte Ltd,0.0,0.0,0.0,0.0,0.0,0.0,0.0,0.0,0.0,0.0,0.0
2716,M Automobile,0.0,0.0,0.0,0.0,0.0,0.0,0.0,0.0,2.532717938023196,0.0,0.0
2718,Drive Select,0.0,0.0,0.0,0.0,0.0,0.0,0.0,0.0,0.0,0.0,0.0
2723,Net Link Partners Pte Ltd,3.008897346914361,0.0,0.0,0.0,0.0,0.0,0.0,0.0,0.0,4.408374300167058,4.584729913405215
2725,Dream Drive Pte Ltd,0.0,0.0,2.605836245191362,0.0,0.0,0.0,0.0,0.0,0.0,0.0,0.0
2729,Oasis Cars Pte Ltd,0.0,0.0,0.0,0.0,0.0,0.0,0.0,0.0,0.0,0.0,0.0
2741,SG Carhub Pte Ltd,0.0,0.0,0.0,0.0,0.0,0.0,0.0,0.0,0.0,0.0,0.0
2744,Autolynx Pte Ltd,0.0,0.0,0.0,0.0,0.0,0.0,0.0,0.0,0.0,0.0,0.0
2753,D T Auto,0.0,0.0,0.0,0.0,0.0,0.0,0.0,0.0,0.0,0.0,0.0
2756,Car Guru.Com Pte Ltd,0.0,0.0,0.0,2.8229567490603724,0.0,0.0,0.0,0.0,0.0,0.0,0.0
2757,Reliance Autohub Pte Ltd,0.0,0.0,2.859295153480037,0.0,0.0,0.0,0.0,0.0,2.5807237249086086,0.0,0.0
2758,Autopoint Automobile Pte Ltd,0.0,0.0,0.0,0.0,0.0,0.0,0.0,0.0,0.0,0.0,0.0
2759,Sing Thai Hin Car,0.0,3.12470452445027,2.7682759530216985,3.0143960828918286,0.0,2.587160970443301,2.9204188101645556,2.9118768471489083,2.8354188101645557,0.0,0.0
2762,Benz Direct Singapore Pte Ltd,0.0,0.0,0.0,0.0,0.0,0.0,0.0,0.0,0.0,0.0,0.0
2763,Viscar Motors,0.0,0.0,0.0,0.0,0.0,0.0,0.0,0.0,0.0,0.0,0.0
2764,Rise Autodrive Pte Ltd,0.0,0.0,0.0,0.0,0.0,0.0,0.0,0.0,2.2625632048031203,0.0,0.0
2768,SC Auto Gallery Pte Ltd,0.0,0.0,0.0,0.0,0.0,0.0,0.0,0.0,0.0,0.0,0.0
2771,Avantgarde Motor Asia Pte Ltd,0.0,2.6013934430576215,0.0,0.0,0.0,0.0,0.0,0.0,0.0,0.0,0.0
2775,Hong Heng Co. Pte Ltd,0.0,0.0,0.0,0.0,0.0,0.0,2.268438327069484,0.0,2.148438327069484,0.0,0.0
2783,Car Vault Pte Ltd,0.0,0.0,2.483785157720781,2.8470643785000016,0.0,0.0,2.490928014863638,0.0,2.295928014863638,0.0,0.0
2790,Auto Equator,0.0,0.0,0.0,0.0,0.0,0.0,0.0,0.0,2.265954976831203,0.0,0.0
2792,Sincere Motoring Pte Ltd,0.0,4.010677996693109,0.0,0.0,0.0,3.418256393905652,5.6421065681216795,0.0,0.0,0.0,0.0
2793,United Auto Trading Pte Ltd,0.0,0.0,0.0,2.709786927214696,0.0,0.0,2.922400563578332,0.0,0.0,0.0,0.0
2794,I-Deal Auto Trading Pte Ltd,0.0,0.0,0.0,0.0,0.0,0.0,0.0,0.0,0.0,2.5882712997521176,0.0
2795,Gen Y Automobile,0.0,2.5553111118632006,2.6507873023393906,2.760749423551512,0.0,0.0,2.8674539690060574,0.0,0.0,0.0,0.0
2797,LTL Motoring,0.0,0.0,0.0,0.0,0.0,0.0,0.0,0.0,0.0,0.0,0.0
2799,Great Auto,0.0,0.0,0.0,0.0,0.0,0.0,0.0,0.0,0.0,0.0,0.0
2800,Kwang Chun Auto Pte Ltd,0.0,0.0,0.0,0.0,0.0,0.0,0.0,0.0,0.0,0.0,0.0
2802,Car Talk Pte Ltd,0.0,0.0,0.0,0.0,0.0,0.0,0.0,0.0,0.0,0.0,0.0
2804,Imperium Car Motor Pte Ltd,0.0,2.6762227882997407,0.0,0.0,0.0,0.0,0.0,0.0,0.0,0.0,0.0
2811,Jaydan Trading,0.0,0.0,0.0,0.0,0.0,0.0,0.0,0.0,0.0,0.0,0.0
2814,Centro Auto Pte Ltd,0.0,0.0,2.2029763941538194,0.0,0.0,0.0,0.0,0.0,0.0,0.0,0.0
2817,AD Auto Pte Ltd,0.0,0.0,0.0,0.0,0.0,0.0,0.0,0.0,0.0,0.0,0.0
2823,Jacob's Car Trading,0.0,0.0,0.0,0.0,0.0,0.0,0.0,0.0,0.0,0.0,0.0
2828,Triple Six Automobile Pte Ltd,0.0,0.0,0.0,0.0,0.0,0.0,0.0,0.0,0.0,0.0,0.0
2829,Dennis-Link,0.0,0.0,0.0,0.0,0.0,0.0,0.0,0.0,0.0,0.0,0.0
2833,Automate,0.0,0.0,0.0,0.0,0.0,0.0,0.0,0.0,0.0,0.0,0.0
2834,Stars Auto Credit & Leasing,0.0,0.0,0.0,0.0,0.0,0.0,0.0,0.0,0.0,0.0,0.0
2840,Hallmark Autohub Pte Ltd,0.0,0.0,0.0,0.0,0.0,0.0,0.0,0.0,0.0,0.0,0.0
2849,EU Automobile Pte Ltd,0.0,2.4969698233951134,4.243874585299875,0.0,0.0,0.0,0.0,0.0,2.3255412519665417,0.0,0.0
2850,Automobili KK Pte Ltd,0.0,0.0,0.0,0.0,0.0,0.0,0.0,0.0,0.0,0.0,0.0
2852,I Walker Automobile,0.0,0.0,0.0,0.0,0.0,0.0,0.0,0.0,0.0,0.0,0.0
2854,Pioneer Auto,3.3110007764866336,0.0,0.0,0.0,0.0,0.0,0.0,0.0,0.0,0.0,0.0
2855,Top Carz,0.0,0.0,0.0,0.0,0.0,0.0,0.0,0.0,0.0,0.0,0.0
2860,Carland Automobile,0.0,0.0,0.0,0.0,0.0,0.0,0.0,0.0,0.0,0.0,0.0
2861,Conti Motors Pte Ltd,0.0,0.0,0.0,0.0,0.0,0.0,0.0,0.0,0.0,0.0,0.0
2867,Allmotoring.sg,0.0,3.0017820541019042,3.2696391969590475,3.6967495865694366,0.0,3.029046862464274,2.6760677683876186,3.788862931972256,0.0,0.0,0.0
2870,Carz World Pte Ltd,0.0,3.9008187562906396,3.0648663753382586,4.142296029017912,0.0,3.3637978503672947,3.1908187562906396,0.0,3.4008187562906396,0.0,0.0
2874,Jin Heng Locomotive Pte Ltd,0.0,0.0,0.0,0.0,0.0,0.0,0.0,0.0,0.0,0.0,0.0
2875,Euro Performance Asia Pte Ltd,0.0,0.0,3.1690610731817244,0.0,0.0,3.3492585180133156,0.0,3.296420011066978,2.2773944065150578,0.0,0.0
2876,Maximus Automobile Pte Ltd,0.0,0.0,0.0,0.0,0.0,0.0,0.0,0.0,0.0,0.0,0.0
2880,Asia Carz Auto,0.0,2.598350119260436,0.0,0.0,0.0,0.0,0.0,0.0,0.0,0.0,0.0
2885,Fei Yang Auto,0.0,0.0,0.0,0.0,0.0,0.0,2.7380510257296513,0.0,0.0,0.0,0.0
2887,VAG Automobiles Pte Ltd,0.0,0.0,0.0,0.0,0.0,0.0,0.0,0.0,0.0,0.0,0.0
2888,Autocars Premium Pte Ltd,0.0,0.0,2.4986059224028385,0.0,0.0,0.0,0.0,2.6526762333152547,2.9774154462123623,0.0,0.0
2895,GB Auto Pte Ltd,0.0,0.0,0.0,0.0,0.0,0.0,0.0,0.0,0.0,0.0,0.0
2900,Marquee Kars,0.0,0.0,0.0,0.0,0.0,0.0,0.0,0.0,0.0,0.0,0.0
2904,Wheels Singapore Pte Ltd,0.0,2.87132554805233,2.7251350718618537,0.0,0.0,0.0,0.0,0.0,0.0,0.0,0.0
2911,MKM Services Pte Ltd,0.0,0.0,0.0,0.0,0.0,0.0,0.0,0.0,2.3871227967238506,0.0,0.0
2916,Jisoon Motors Pte Ltd,0.0,0.0,0.0,0.0,0.0,0.0,0.0,0.0,0.0,0.0,0.0
2927,Bavarian Marques Pte Ltd,0.0,3.8280036961862978,4.748956077138679,2.9941562935888952,0.0,3.186714497580026,0.0,4.3880727878343375,0.0,0.0,0.0
2934,KelvinCarz Automobile,0.0,0.0,0.0,0.0,0.0,0.0,0.0,0.0,3.2622622786280675,0.0,0.0
2937,MyCarShop Singapore,0.0,0.0,0.0,0.0,0.0,0.0,0.0,0.0,0.0,0.0,0.0
2938,Car41 Pte Ltd,0.0,0.0,0.0,0.0,0.0,0.0,0.0,0.0,0.0,0.0,0.0
2940,Alyon Motoring,0.0,0.0,0.0,0.0,0.0,0.0,0.0,0.0,1.994473755625371,0.0,0.0
2943,Gen Capital Pte Ltd,0.0,2.9592478897124033,2.814724080188594,0.0,0.0,0.0,0.0,0.0,2.3163907468552605,0.0,0.0
2944,Eurokars Supersports Pte Ltd,0.0,0.0,0.0,0.0,0.0,0.0,0.0,0.0,0.0,0.0,0.0
2946,Red Dot Supercars Pte Ltd,0.0,0.0,0.0,0.0,0.0,0.0,0.0,0.0,0.0,0.0,0.0
2951,Singapura Motoring Pte Ltd,0.0,0.0,0.0,0.0,0.0,0.0,0.0,0.0,0.0,0.0,0.0
2952,New Way Leasing Pte Ltd,0.0,0.0,2.5364605263123634,0.0,0.0,0.0,0.0,0.0,0.0,0.0,0.0
2953,AKK Wheels Pte Ltd,0.0,2.3784500621733216,0.0,0.0,0.0,0.0,0.0,0.0,2.9165453002685595,0.0,0.0
2954,Quan Feng Motors (Singapore) Pte Ltd,0.0,0.0,0.0,0.0,0.0,0.0,0.0,0.0,2.3455777823871355,0.0,0.0
2958,MyCar Pte Ltd,0.0,0.0,0.0,2.4117310013520283,0.0,0.0,0.0,0.0,0.0,0.0,0.0
2962,Just Paper Motoring,0.0,0.0,0.0,0.0,0.0,0.0,3.400958519329897,0.0,0.0,0.0,0.0
2965,Wheels and Watches Pte Ltd,0.0,0.0,2.770821779866352,0.0,0.0,0.0,0.0,2.8402656598365477,0.0,0.0,0.0
2968,Passion Cars Automobile Pte Ltd,0.0,0.0,0.0,0.0,0.0,0.0,0.0,0.0,0.0,0.0,0.0
2975,AutoPrestige Gallery Pte Ltd,0.0,2.8684277074636517,0.0,0.0,0.0,0.0,0.0,0.0,0.0,0.0,0.0
2976,Car (S) Pte Ltd,4.494934571706005,3.58985938373608,3.563907002783699,5.305362630489327,0.0,0.0,4.118430812307508,0.0,3.976764145640842,8.110822116655335,7.837430812307509
2978,Asia Wheels Pte Ltd,0.0,0.0,0.0,0.0,0.0,0.0,0.0,0.0,0.0,0.0,0.0
2981,Hong Yun Auto Trading,0.0,0.0,0.0,0.0,0.0,0.0,0.0,0.0,0.0,0.0,0.0
2984,SG Car Choice Pte Ltd,0.0,3.7507607084077614,4.193855946503,5.063991227888281,0.0,4.0217537397666465,3.6993321369791907,4.260377656182604,4.2126654703125235,0.0,0.0
2985,Luxurie Auto Pte Ltd,0.0,0.0,0.0,0.0,0.0,0.0,0.0,0.0,0.0,0.0,0.0
2986,Auto365 Pte Ltd,0.0,0.0,0.0,0.0,0.0,0.0,0.0,0.0,0.0,0.0,0.0
2996,DirectCars Pte Ltd,0.0,0.0,0.0,0.0,0.0,0.0,0.0,0.0,0.0,0.0,0.0
3001,23 Auto Pte Ltd,0.0,0.0,0.0,0.0,0.0,0.0,0.0,0.0,0.0,0.0,0.0
3003,F1 Auto Cars Pte Ltd,0.0,0.0,4.2590208288114715,0.0,0.0,3.3169534652806942,0.0,6.317141806932449,2.850925590716234,0.0,0.0
3004,Viking Motor Pte Ltd,0.0,3.0416193873320427,2.5806670063796617,0.0,0.0,2.8360444744400564,2.665190815903471,0.0,2.6785241492368046,0.0,0.0
3008,Wunder Auto Pte Ltd,0.0,0.0,0.0,0.0,0.0,0.0,0.0,0.0,0.0,0.0,0.0
3009,Yong Khiong Credit Pte Ltd,3.0469747238695963,0.0,0.0,0.0,0.0,0.0,0.0,0.0,0.0,0.0,0.0
3011,Wang Motor Pte Ltd,0.0,0.0,0.0,0.0,0.0,0.0,0.0,0.0,0.0,0.0,0.0
3013,Exclusive Auto Trading Pte Ltd,0.0,0.0,0.0,0.0,0.0,0.0,0.0,0.0,0.0,0.0,0.0
3017,Accendore Autolution Pte Ltd,0.0,0.0,2.4735139610327885,2.7121340909029183,0.0,2.6561968878620568,0.0,0.0,0.0,0.0,0.0
3018,Rydecity Automobiles Pte Ltd,0.0,0.0,0.0,0.0,0.0,0.0,0.0,0.0,0.0,0.0,0.0
3024,GT Performance Pte Ltd,0.0,0.0,0.0,0.0,0.0,0.0,0.0,0.0,0.0,0.0,0.0
3028,360 VR Cars,0.0,6.862154068764701,7.833582640193272,6.177738484349116,0.0,5.303094835315224,6.4500112116218435,5.666746631252,4.446677878288511,0.0,0.0
3033,Carline Selection,0.0,0.0,0.0,0.0,0.0,0.0,0.0,0.0,0.0,0.0,0.0
3034,SG Car Consign Pte Ltd,0.0,0.0,2.9150982769758116,3.0449413505688847,0.0,0.0,3.1141458960234303,0.0,2.6841458960234306,0.0,0.0
3036,T5 Auto Pte Ltd,0.0,0.0,0.0,0.0,0.0,0.0,0.0,0.0,0.0,0.0,0.0
3037,T8 Gallery Pte Ltd,0.0,2.5443141369431594,0.0,2.8381453057743284,0.0,2.729854206629571,2.423599851228874,0.0,0.0,0.0,0.0
3038,AutoConnect Motoring,0.0,0.0,0.0,0.0,0.0,0.0,0.0,0.0,0.0,0.0,0.0
3043,Dynamic Motoring,0.0,0.0,3.0399780783539616,0.0,0.0,2.6713950353806744,0.0,2.5369773332479535,2.7673590307349136,0.0,0.0
3048,SmartCars Boutique Pte Ltd,0.0,3.7265364373960836,0.0,0.0,0.0,0.0,4.376536437396084,0.0,3.534869770729417,0.0,0.0
3049,Motorist Pte Ltd,0.0,3.990063765734482,5.329825670496387,4.443310518981235,0.0,4.09206725005504,3.456492337163054,3.9316559218003224,2.5114923371630535,0.0,0.0
3051,The Driven Dealership Pte Ltd,0.0,0.0,0.0,0.0,0.0,0.0,0.0,0.0,2.1871971466522253,0.0,0.0
3052,Kiraly Motors Trading,0.0,0.0,0.0,0.0,0.0,0.0,0.0,0.0,0.0,0.0,0.0
3064,Motorhead Singapore Pte Ltd,0.0,0.0,0.0,0.0,0.0,0.0,0.0,2.536179207145346,0.0,0.0,0.0
3069,Crownston Bleu Pte Ltd,0.0,0.0,0.0,0.0,0.0,0.0,0.0,0.0,0.0,0.0,0.0
3070,The Car Dealer Pte Ltd,0.0,0.0,0.0,0.0,0.0,0.0,0.0,0.0,0.0,0.0,0.0
3074,Trillium Automobile Pte Ltd,0.0,3.5846254186778914,2.898434942487415,3.542823470625944,0.0,2.808493014496707,0.0,0.0,0.0,0.0,0.0
3076,APL Credit Pte Ltd,0.0,0.0,0.0,0.0,0.0,0.0,0.0,0.0,0.0,0.0,0.0
3084,Cars Image,0.0,0.0,0.0,0.0,0.0,0.0,0.0,0.0,0.0,0.0,0.0
3085,ACRS Automotive,0.0,0.0,0.0,0.0,0.0,0.0,0.0,0.0,0.0,0.0,0.0
3089,Skyline Auto Pte Ltd,0.0,0.0,0.0,0.0,0.0,0.0,0.0,0.0,3.048267607190542,0.0,0.0
3090,BMS Motoring,0.0,0.0,0.0,0.0,0.0,0.0,0.0,0.0,0.0,0.0,0.0
3091,WM Car Pte Ltd,0.0,3.9614581754439757,0.0,2.5413283053141056,0.0,2.6531829141199337,3.358601032586833,0.0,3.351934365920166,0.0,0.0
3093,Cargent Pte Ltd,0.0,2.7108082613493187,2.823427308968366,0.0,0.0,2.783717669014824,2.485093975635033,0.0,0.0,0.0,0.0
3095,Ocean Motoring,0.0,0.0,0.0,0.0,0.0,0.0,0.0,0.0,0.0,0.0,0.0
3097,Cars & Yachts Pte Ltd,0.0,0.0,0.0,0.0,0.0,0.0,0.0,0.0,0.0,0.0,0.0
3098,Se7en Motor Trading,0.0,0.0,0.0,0.0,0.0,0.0,0.0,0.0,2.0356219923651633,0.0,0.0
3100,Sphere Auto Pte Ltd,0.0,2.8737525259899375,2.5687525259899378,2.4718044740418854,0.0,2.50763754341154,2.7308953831327947,2.96179865482554,2.7142287164661276,0.0,0.0
3103,Das WeltAuto,0.0,3.0786703182597166,0.0,3.0003423961817948,0.0,2.441039656238811,0.0,0.0,0.0,0.0,0.0
3106,Bz Carz Pte Ltd,0.0,0.0,0.0,0.0,0.0,0.0,0.0,0.0,0.0,0.0,0.0
3108,Car Buddy Pte Ltd,0.0,2.7072255439561825,2.461749353479992,2.412420349150988,0.0,0.0,2.936511258241897,0.0,2.3215112582418973,0.0,0.0
3110,Global Carz Pte Ltd,0.0,0.0,0.0,0.0,0.0,0.0,0.0,0.0,0.0,0.0,0.0
3113,ABS Bus Pte Ltd,4.701888748700025,2.4665504028353635,2.7008361171210775,0.0,0.0,0.0,0.0,0.0,0.0,4.602947918363315,6.629450189615748
3116,Evolve 360 Pte Ltd,0.0,0.0,0.0,0.0,0.0,0.0,0.0,2.3018172662423737,0.0,0.0,0.0
3117,Starzline Auto Pte Ltd,0.0,0.0,0.0,0.0,0.0,0.0,0.0,0.0,0.0,0.0,0.0
3118,SBB Autoworld Pte Ltd,0.0,0.0,0.0,0.0,0.0,0.0,0.0,0.0,0.0,0.0,0.0
3119,BWC Consultants Pte Ltd,0.0,0.0,0.0,0.0,0.0,0.0,0.0,0.0,0.0,0.0,0.0
3121,Happy Victory Leasing Pte Ltd,0.0,0.0,0.0,0.0,0.0,0.0,0.0,0.0,0.0,0.0,0.0
3122,SG Auto Pte Ltd,0.0,0.0,0.0,3.206609914551542,0.0,2.8196820558249027,2.8308144600060876,0.0,0.0,0.0,0.0
3126,Parsons Automobile Pte Ltd,0.0,2.8812734784764276,3.1946068118097606,2.588984517437466,0.0,0.0,0.0,0.0,2.6467496689526175,0.0,0.0
3133,Car Buyers Automotive Pte Ltd,0.0,3.002643051579232,4.35073828967447,2.862707986644167,0.0,3.6432353860740054,2.9290716230078035,3.5991783086408047,2.8740716230078034,0.0,0.0
3137,Munich Alpina Pte Ltd,0.0,4.64071463126385,4.175476536025755,3.062062033861253,0.0,0.0,4.0928574884067075,5.889962751564601,0.0,0.0,0.0
3142,United Motoring Pte Ltd,0.0,0.0,4.031863653432179,3.7113225278910527,0.0,0.0,2.4449588915274165,3.9798308687678143,0.0,0.0,0.0
3143,V-TEC Asia Automotive Pte Ltd,0.0,0.0,0.0,0.0,0.0,0.0,0.0,0.0,0.0,0.0,0.0
3149,Orchard Credit Pte Ltd,0.0,0.0,0.0,0.0,0.0,0.0,0.0,0.0,0.0,0.0,0.0
3159,Beata Car,0.0,0.0,0.0,0.0,0.0,0.0,0.0,0.0,0.0,0.0,0.0
3160,Apex Automotive,0.0,3.0698781337934493,0.0,0.0,0.0,0.0,2.9263067052220206,0.0,0.0,0.0,0.0
3162,Giant Automobile Pte Ltd,0.0,0.0,0.0,2.4608134523888743,0.0,0.0,2.6180861796616015,0.0,0.0,0.0,0.0
3163,CarChope,0.0,0.0,2.931251238602678,0.0,0.0,0.0,0.0,0.0,0.0,0.0,0.0
3164,Skylink Auto Pte Ltd,0.0,0.0,0.0,0.0,0.0,0.0,0.0,0.0,0.0,4.020646861073743,3.2461809298602455
3169,FullThrottle Motors Pte Ltd,0.0,0.0,0.0,0.0,0.0,0.0,0.0,0.0,0.0,0.0,0.0
3173,Car Source Pte Ltd,0.0,0.0,0.0,0.0,0.0,0.0,0.0,0.0,0.0,0.0,0.0
3175,Monster Motors Pte Ltd,0.0,6.141570239525829,6.974665477621068,4.618680629136219,0.0,4.977545849281927,5.472998810954401,8.163674486630075,3.529665477621067,0.0,0.0
3177,Mega Car Pte Ltd,0.0,0.0,0.0,0.0,0.0,0.0,0.0,0.0,0.0,0.0,0.0
3179,Vision Autotrader Pte Ltd,0.0,0.0,0.0,0.0,0.0,0.0,0.0,0.0,0.0,0.0,0.0
3180,Thehera Automobile Pte Ltd,0.0,0.0,0.0,0.0,0.0,0.0,0.0,0.0,0.0,0.0,0.0
3183,A Star Car Leasing Pte Ltd,0.0,0.0,0.0,0.0,0.0,0.0,0.0,0.0,0.0,0.0,0.0
3184,Platinum Group Pte Ltd,0.0,0.0,0.0,0.0,0.0,0.0,0.0,0.0,0.0,0.0,0.0
3185,Watercolours Automobile,0.0,0.0,0.0,0.0,0.0,0.0,0.0,0.0,0.0,0.0,0.0
3189,Cars R Us Pte Ltd,0.0,0.0,0.0,0.0,0.0,0.0,0.0,0.0,0.0,0.0,0.0
3191,Hipac Motor Trading,0.0,0.0,0.0,0.0,0.0,0.0,0.0,0.0,0.0,0.0,0.0
3193,Car Hub Holdings Pte Ltd,0.0,0.0,0.0,0.0,0.0,0.0,0.0,0.0,0.0,0.0,0.0
3194,1 & Ones Motoring Pte Ltd,0.0,2.060457638542801,0.0,0.0,0.0,0.0,0.0,0.0,0.0,0.0,0.0
3197,Dart Alliance Automobile Pte Ltd,0.0,0.0,0.0,0.0,0.0,0.0,0.0,0.0,0.0,0.0,0.0
3198,EuroSports Auto Pte Ltd,0.0,0.0,0.0,0.0,0.0,0.0,0.0,0.0,0.0,0.0,0.0
3199,Auto Imperial Cars Pte Ltd,0.0,0.0,0.0,0.0,0.0,0.0,0.0,0.0,0.0,0.0,0.0
3201,iCar SG,0.0,0.0,0.0,0.0,0.0,0.0,0.0,0.0,0.0,0.0,0.0
3208,ABTrust Auto Dealer,0.0,0.0,0.0,0.0,0.0,0.0,0.0,0.0,0.0,0.0,0.0
3209,Eagle Land (Credit) Pte Ltd,0.0,0.0,0.0,2.172100324303141,0.0,0.0,0.0,0.0,2.172100324303141,0.0,0.0
3210,CSH Motors (S) Pte Ltd,0.0,0.0,0.0,0.0,0.0,0.0,0.0,0.0,0.0,0.0,0.0
3214,Car Search,0.0,3.8552655740101898,3.7128846216292373,3.47677531426993,0.0,2.710492054846427,3.3959798597244757,2.7889883945751155,2.7409798597244754,0.0,0.0
3218,Ezy-1 Pte Ltd,0.0,0.0,0.0,0.0,0.0,0.0,0.0,0.0,0.0,3.027473278368842,3.525959975318874
3219,VMG Auto Pte Ltd,0.0,0.0,0.0,0.0,0.0,0.0,0.0,0.0,3.5721630328467273,0.0,0.0
3222,Des & Co Automobile Pte Ltd,0.0,0.0,0.0,0.0,0.0,0.0,0.0,0.0,0.0,0.0,0.0
3226,HQ Motors Pte Ltd,0.0,0.0,0.0,0.0,0.0,0.0,0.0,0.0,0.0,0.0,0.0
3230,CDM Automobile,0.0,3.239646288358893,0.0,3.372763171475776,0.0,0.0,3.3782177169303216,0.0,0.0,0.0,0.0
3240,Yin Auto,0.0,0.0,0.0,0.0,0.0,0.0,0.0,0.0,0.0,0.0,0.0
3241,Levin Auto,0.0,0.0,0.0,0.0,0.0,0.0,0.0,0.0,0.0,0.0,0.0
3254,Stallion Motors,0.0,0.0,0.0,0.0,0.0,0.0,0.0,0.0,0.0,0.0,0.0
3261,STG Motoring,0.0,0.0,0.0,0.0,0.0,0.0,0.0,0.0,0.0,0.0,0.0
3262,8th Speed Motoring Pte Ltd,0.0,0.0,0.0,0.0,0.0,0.0,0.0,0.0,0.0,0.0,0.0
3266,Quality Auto Hub,0.0,0.0,0.0,0.0,0.0,0.0,0.0,0.0,0.0,0.0,0.0
3269,Advanced Auto Werkz Pte Ltd,0.0,0.0,0.0,0.0,0.0,0.0,0.0,0.0,0.0,0.0,0.0
3271,Precise Auto Trading Pte Ltd,0.0,3.5961493348913085,2.9863874301294033,3.5113279063198797,0.0,2.800417627574235,3.95257790631988,3.1364612633611313,3.7509112396532127,0.0,0.0
3272,Crown Motoring Pte Ltd,0.0,0.0,0.0,0.0,0.0,0.0,0.0,0.0,0.0,0.0,0.0
3276,Cars Select,0.0,0.0,0.0,0.0,0.0,0.0,0.0,0.0,0.0,0.0,0.0
3277,Passionate Cars Pte Ltd,0.0,0.0,0.0,0.0,0.0,0.0,2.3745537651400777,0.0,2.219553765140078,0.0,0.0
3278,Charlie's Auto Pte Ltd,0.0,0.0,0.0,0.0,0.0,0.0,0.0,0.0,0.0,0.0,0.0
3280,Venus Auto Pte Ltd,0.0,0.0,0.0,0.0,0.0,0.0,0.0,0.0,0.0,0.0,0.0
3282,GL Auto,0.0,0.0,3.2350880541035503,0.0,0.0,0.0,0.0,0.0,0.0,0.0,0.0
3283,Platinum Motoring,0.0,4.671814524572675,4.483719286477437,5.201116472624623,0.0,3.6669364757921876,4.843957381715533,3.124476585129473,3.8289573817155325,0.0,0.0
3285,XL Motor Trading Pte Ltd,0.0,0.0,0.0,0.0,0.0,0.0,0.0,0.0,0.0,0.0,0.0
3286,Alpha Excellence Pte Ltd,0.0,0.0,0.0,0.0,0.0,0.0,0.0,0.0,0.0,0.0,0.0
3287,Golden Charter Pte Ltd,0.0,2.798270003235497,0.0,2.690477795443289,0.0,0.0,2.5668414318069255,0.0,2.6601747651402583,0.0,0.0
3292,Automobile Pte Ltd,0.0,0.0,0.0,0.0,0.0,0.0,0.0,0.0,0.0,0.0,0.0
3298,Pramie Automobil Pte Ltd,0.0,0.0,0.0,0.0,0.0,0.0,0.0,0.0,0.0,0.0,0.0
3305,MV Auto,0.0,0.0,0.0,0.0,0.0,0.0,0.0,0.0,0.0,0.0,0.0
3306,DS Motor & Leasing Pte Ltd,0.0,0.0,0.0,0.0,0.0,0.0,0.0,0.0,0.0,0.0,0.0
3307,Miracle Automobile Pte Ltd,0.0,0.0,0.0,0.0,0.0,0.0,0.0,0.0,0.0,0.0,0.0
3309,Buycar Pte Ltd,0.0,0.0,0.0,0.0,0.0,0.0,0.0,0.0,0.0,0.0,0.0
3312,Carlink Credit Pte Ltd,0.0,0.0,0.0,0.0,0.0,0.0,0.0,0.0,0.0,0.0,0.0
3313,Athical Pte Ltd,0.0,0.0,0.0,0.0,0.0,0.0,0.0,0.0,0.0,0.0,0.0
3315,Threesixty Resources Pte Ltd,0.0,0.0,0.0,0.0,0.0,0.0,0.0,0.0,0.0,0.0,0.0
3317,Vantage Pre-Owned,0.0,2.8640102702061707,0.0,0.0,0.0,0.0,0.0,0.0,0.0,0.0,0.0
3318,San Hup Bee (S) Pte Ltd,0.0,4.697301633449746,3.376111157259271,3.177415269813383,0.0,2.5400716682929523,3.257301633449747,3.477707038855152,3.8639683001164133,0.0,0.0
3320,Mikar *9 Pte Ltd,0.0,0.0,0.0,0.0,0.0,0.0,0.0,0.0,0.0,0.0,0.0
3321,AMS Motors Pte Ltd,0.0,0.0,0.0,0.0,0.0,0.0,0.0,4.188399566421255,0.0,0.0,0.0
3322,Thrive Technic Pte Ltd,0.0,0.0,0.0,0.0,0.0,0.0,0.0,0.0,2.3826080930542957,0.0,0.0
3324,ACM Automobiles Pte Ltd,0.0,0.0,0.0,0.0,0.0,0.0,0.0,2.8265068715406443,2.5437899440868748,0.0,0.0
3329,Galaxy Auto Pte Ltd,0.0,0.0,0.0,0.0,0.0,0.0,0.0,0.0,0.0,0.0,0.0
3333,Clarity Cars Pte Ltd,0.0,0.0,0.0,0.0,0.0,0.0,0.0,0.0,0.0,0.0,0.0
3335,Skyway Motor Pte Ltd,0.0,0.0,0.0,0.0,0.0,0.0,0.0,0.0,0.0,0.0,0.0
3336,STI Auto Trading,0.0,0.0,0.0,0.0,0.0,0.0,0.0,0.0,0.0,0.0,0.0
3337,Midas Cars Pte Ltd,0.0,0.0,0.0,0.0,0.0,0.0,0.0,0.0,2.1787108483014443,0.0,0.0
3338,Sincere Enterprise Pte Ltd,0.0,0.0,0.0,0.0,0.0,0.0,0.0,0.0,1.888642696671805,0.0,0.0
3339,HY Automobile Pte Ltd,0.0,0.0,0.0,0.0,0.0,0.0,0.0,0.0,0.0,0.0,0.0
3347,Syllys Auto Pte Ltd,0.0,0.0,0.0,0.0,0.0,0.0,0.0,0.0,0.0,0.0,0.0
3350,Supreme Cars Pte Ltd,0.0,2.535168658030236,3.370168658030236,0.0,0.0,2.4162662190058457,0.0,2.798910783614467,2.547073419934998,0.0,0.0
3351,Footprint Creative Hub,0.0,0.0,0.0,0.0,0.0,0.0,0.0,0.0,0.0,0.0,0.0
3354,JR Autocar Pte Ltd,0.0,0.0,0.0,0.0,0.0,0.0,0.0,0.0,0.0,0.0,0.0
3358,Car4U,0.0,2.0920951515643114,0.0,0.0,0.0,0.0,0.0,0.0,0.0,0.0,0.0
3360,One2Carz,0.0,0.0,0.0,0.0,0.0,0.0,0.0,0.0,0.0,0.0,0.0
3361,AM Car Trading,0.0,2.3683311605256523,0.0,0.0,0.0,0.0,0.0,0.0,0.0,0.0,0.0
3365,GOwheeler Pte Ltd,0.0,3.409799293668745,3.1852754841449356,3.162721371590823,0.0,3.208492673459686,0.0,0.0,2.799085007954459,0.0,0.0
3368,Car Premium Pte Ltd,0.0,0.0,0.0,0.0,0.0,0.0,0.0,0.0,0.0,0.0,0.0
3371,Orion Credit Pte Ltd,0.0,0.0,0.0,0.0,0.0,0.0,0.0,0.0,0.0,0.0,0.0
3376,Performance Munich Autos,0.0,0.0,0.0,0.0,0.0,0.0,0.0,0.0,0.0,0.0,0.0
3379,Star A Motor,0.0,0.0,0.0,2.738767469165282,0.0,0.0,0.0,0.0,2.3694492873471,0.0,0.0
3380,Optimus Auto Trading Pte Ltd,0.0,0.0,0.0,0.0,0.0,0.0,0.0,0.0,2.173591015753113,0.0,0.0
3381,JNZ Car Alliance,0.0,3.6568910172473825,3.601652922009287,0.0,0.0,0.0,0.0,0.0,0.0,0.0,0.0
3382,CarQuotz Singapore,0.0,7.511741707439265,6.594598850296407,5.830735213932771,0.0,4.04745599315355,5.0745988502964074,0.0,4.23793218362974,0.0,0.0
3387,World of Cars Motor Trading,0.0,0.0,0.0,0.0,0.0,0.0,0.0,0.0,2.778088450656908,0.0,0.0
3392,SG Motor Link Pte Ltd,0.0,2.804303083135895,0.0,3.2027608753436874,0.0,0.0,2.557874511707323,0.0,0.0,3.709396250837758,6.957441675886428
3395,Fave Auto International Pte Ltd,0.0,0.0,0.0,0.0,0.0,0.0,0.0,0.0,0.0,0.0,0.0
3397,A3 Autohub Pte Ltd,0.0,0.0,0.0,0.0,0.0,0.0,0.0,0.0,0.0,0.0,0.0
3401,Novelty Motoring Pte Ltd,0.0,0.0,0.0,0.0,0.0,0.0,0.0,0.0,0.0,0.0,0.0
3403,Regal Motoring Pte Ltd,0.0,0.0,0.0,0.0,0.0,0.0,0.0,0.0,0.0,0.0,0.0
3405,Car Empire Automobiles Pte Ltd,0.0,0.0,2.8349303675288287,0.0,0.0,0.0,0.0,2.747804444613432,2.3489779865764477,0.0,0.0
3407,Weicheng Auto,0.0,0.0,0.0,0.0,0.0,0.0,0.0,0.0,0.0,0.0,0.0
3408,Royal Kars,0.0,0.0,0.0,0.0,0.0,0.0,0.0,0.0,0.0,0.0,0.0
3414,Axle Motors Pte Ltd,0.0,3.5854900831986463,2.9245377022462655,2.609840732549296,0.0,0.0,2.6412043689129323,4.492825990534554,2.912871035579599,0.0,0.0
3415,Drivetribe Pte Ltd,0.0,0.0,0.0,0.0,0.0,0.0,0.0,0.0,0.0,0.0,0.0
3416,Positive Auto,0.0,0.0,0.0,0.0,0.0,0.0,0.0,0.0,0.0,0.0,0.0
3417,Car Elegance,0.0,0.0,0.0,0.0,0.0,0.0,0.0,0.0,0.0,0.0,0.0
3418,Nitro Motors,0.0,0.0,2.5972126022122644,2.7643338143334764,0.0,0.0,2.6888792688789307,0.0,2.552212602212264,0.0,0.0
3421,Autoclinic Car Warranty & Leasing Pte. Ltd,0.0,0.0,0.0,0.0,0.0,0.0,0.0,0.0,2.4732144255216224,0.0,0.0
3422,Brilliant Cars,0.0,0.0,2.508986132048363,0.0,0.0,0.0,0.0,0.0,0.0,0.0,0.0
3423,IExports Pte Ltd,0.0,0.0,0.0,0.0,0.0,0.0,0.0,0.0,0.0,0.0,0.0
3427,Cars 19,0.0,0.0,0.0,0.0,0.0,0.0,0.0,0.0,0.0,0.0,0.0
3430,Bell Auto Pte Ltd,,0.0,0.0,0.0,0.0,0.0,0.0,0.0,0.0,,0.0
3433,Autorol Pte Ltd,0.0,0.0,0.0,0.0,0.0,0.0,0.0,0.0,0.0,0.0,0.0
3438,Buddy Motor,0.0,0.0,0.0,0.0,0.0,0.0,0.0,0.0,0.0,0.0,0.0
3440,Autoline Credit Pte Ltd,0.0,0.0,0.0,0.0,0.0,0.0,0.0,0.0,0.0,0.0,0.0
3441,Cars & Coffee Singapore,0.0,2.6230158029796335,3.635634850598681,2.6975287899926204,0.0,3.8056813082061143,0.0,5.131149312428932,2.945634850598681,0.0,0.0
3444,Bloom Auto,0.0,0.0,0.0,0.0,0.0,0.0,0.0,0.0,0.0,0.0,0.0
3446,The Car Shop,0.0,0.0,0.0,0.0,0.0,0.0,0.0,0.0,0.0,0.0,0.0
3447,ES Automobile Pte Ltd,0.0,0.0,0.0,0.0,0.0,0.0,0.0,0.0,0.0,0.0,0.0
3451,Dream Selection Pte Ltd,0.0,3.0611792388119494,4.381417334050045,3.2878837842664947,0.0,2.662834291076758,0.0,0.0,0.0,0.0,0.0
3452,MyBro Garage Pte Ltd,0.0,0.0,0.0,0.0,0.0,0.0,0.0,0.0,0.0,0.0,0.0
3456,Mutual Concept Motoring Pte Ltd,0.0,2.9060677234019012,0.0,2.5521716195057973,0.0,0.0,0.0,0.0,0.0,0.0,0.0
3457,Dew Motoring,0.0,3.13508288884366,0.0,0.0,0.0,0.0,2.9422257459865175,0.0,3.3505590793198508,0.0,0.0
3459,Auto Credit and Leasing,0.0,0.0,0.0,0.0,0.0,0.0,0.0,0.0,0.0,0.0,0.0
3463,KM Royal Cars House,0.0,0.0,0.0,0.0,0.0,0.0,0.0,0.0,0.0,0.0,0.0
3464,Car Fleet Automobile,0.0,2.6057241729068363,0.0,2.9807241729068363,0.0,0.0,3.5807241729068364,0.0,1.8557241729068363,0.0,0.0
3466,MIDAS Automobile Pte Ltd,0.0,2.5934924995535793,0.0,2.6305054865665665,0.0,0.0,2.8277782138392937,2.6470740886614843,2.357778213839294,0.0,0.0
3470,Bond Auto Pte Ltd,0.0,0.0,0.0,0.0,0.0,0.0,0.0,0.0,0.0,0.0,0.0
3473,Ecke Motoring,0.0,0.0,0.0,0.0,0.0,0.0,0.0,0.0,0.0,0.0,0.0
3474,Prive Cars LLP,0.0,0.0,0.0,0.0,0.0,0.0,0.0,0.0,0.0,0.0,0.0
3476,G2 Auto,0.0,2.650910906226258,0.0,0.0,0.0,0.0,0.0,0.0,2.6723394776548295,0.0,0.0
3478,Believ1n Automobile Pte Ltd,0.0,0.0,0.0,0.0,0.0,0.0,0.0,0.0,0.0,0.0,0.0
3480,Hype Motors Pte Ltd,0.0,0.0,0.0,0.0,0.0,0.0,0.0,0.0,0.0,0.0,0.0
3483,AAC Performance Pte Ltd,0.0,0.0,0.0,0.0,0.0,0.0,0.0,0.0,0.0,0.0,0.0
3484,Luxe Emporium,0.0,0.0,0.0,0.0,0.0,0.0,0.0,0.0,0.0,0.0,0.0
3486,Craft Auto Pte Ltd,0.0,0.0,0.0,0.0,0.0,0.0,0.0,0.0,0.0,0.0,0.0
3489,Elementz Motor Pte Ltd,0.0,0.0,0.0,0.0,0.0,0.0,0.0,0.0,0.0,0.0,0.0
3491,Detail Lab,0.0,0.0,0.0,0.0,0.0,0.0,0.0,0.0,0.0,0.0,0.0
3494,Pan Pac Automobile Pte Ltd,0.0,0.0,0.0,0.0,0.0,0.0,0.0,0.0,0.0,2.449157090829622,2.783902061627805
3495,AutoGuru+ SG LLP,0.0,3.4992698668171953,0.0,0.0,0.0,0.0,3.432841295388624,0.0,0.0,0.0,0.0
3496,AutoCarz,0.0,0.0,0.0,0.0,0.0,0.0,0.0,0.0,0.0,0.0,0.0
3497,SE 2000 Motor Leasing Pte Ltd,0.0,0.0,0.0,0.0,0.0,0.0,0.0,0.0,0.0,0.0,0.0
3498,TCS Motor Trading Pte Ltd,0.0,0.0,0.0,0.0,0.0,0.0,0.0,0.0,0.0,0.0,0.0
3500,Aero Garage Pte Ltd,0.0,0.0,0.0,0.0,0.0,0.0,0.0,0.0,0.0,0.0,0.0
3505,GD Carz Trading Pte Ltd,0.0,0.0,0.0,0.0,0.0,0.0,0.0,0.0,0.0,0.0,0.0
3508,Auto Sincere Pte Ltd,0.0,0.0,0.0,0.0,0.0,0.0,0.0,0.0,0.0,0.0,0.0
3512,Sheng Heng (SH) Motors,0.0,0.0,0.0,0.0,0.0,0.0,0.0,0.0,0.0,0.0,0.0
3514,Cars M2A Pte Ltd,0.0,0.0,0.0,0.0,0.0,0.0,0.0,0.0,0.0,0.0,0.0
3518,Prime Car Traders Pte Ltd,0.0,0.0,0.0,4.0432002743489885,0.0,2.9895298593980852,0.0,0.0,3.0981245167732303,0.0,0.0
3519,Chua Heng Motors Pte Ltd,0.0,0.0,0.0,0.0,0.0,0.0,0.0,0.0,0.0,0.0,0.0
3520,M-Tech Automotive Pte Ltd,0.0,0.0,0.0,0.0,0.0,0.0,0.0,0.0,0.0,0.0,0.0
3521,Coche Motors Pte Ltd,0.0,,0.0,0.0,0.0,0.0,,0.0,0.0,0.0,0.0
3522,Hou Auto,0.0,0.0,0.0,0.0,0.0,0.0,0.0,0.0,0.0,0.0,0.0
3525,Carzlike Pte Ltd,0.0,0.0,0.0,0.0,0.0,0.0,0.0,0.0,0.0,0.0,0.0
3528,BB Cars Pte Ltd,0.0,0.0,0.0,0.0,0.0,0.0,0.0,0.0,0.0,0.0,0.0
3531,Mah Lian Motor Vehicle Repairer,0.0,0.0,0.0,0.0,0.0,0.0,0.0,0.0,0.0,2.4202185215700145,0.0
3534,B Motoring LLP,0.0,0.0,2.5369092054642515,0.0,0.0,0.0,0.0,0.0,0.0,0.0,0.0
3538,Next Drive,0.0,0.0,0.0,0.0,0.0,0.0,0.0,0.0,0.0,0.0,0.0
3540,Carsmart Pte Ltd,0.0,0.0,0.0,0.0,0.0,0.0,0.0,0.0,0.0,0.0,0.0
3541,Pro-Tac Motors Pte Ltd,0.0,2.7753747610839614,0.0,0.0,0.0,0.0,0.0,2.9138730337927603,0.0,0.0,0.0
3544,Otua Auto Pte Ltd,0.0,2.8469791657676375,2.7998363086247804,3.301037607326079,0.0,0.0,3.316264880053352,0.0,0.0,0.0,0.0
3545,A Star Motors Pte Ltd,0.0,2.7888804429552914,0.0,0.0,0.0,0.0,2.40245187152672,3.7351616866049557,0.0,0.0,0.0
3546,Everest Auto,0.0,0.0,0.0,0.0,0.0,0.0,0.0,0.0,0.0,0.0,0.0
3547,Speed7,0.0,0.0,0.0,0.0,0.0,0.0,0.0,0.0,0.0,0.0,0.0
3550,BDN Motoring LLP,0.0,0.0,0.0,0.0,0.0,0.0,0.0,0.0,0.0,0.0,0.0
3552,L-Motors Pte Ltd,0.0,0.0,0.0,0.0,0.0,0.0,0.0,0.0,0.0,0.0,0.0
3554,L1 Motoring Pte Ltd,0.0,0.0,0.0,0.0,0.0,0.0,0.0,0.0,0.0,0.0,0.0
3559,Auto Empire Pte Ltd,0.0,0.0,0.0,0.0,0.0,0.0,0.0,0.0,0.0,0.0,0.0
3562,KR Auto,0.0,0.0,0.0,0.0,0.0,0.0,0.0,0.0,0.0,0.0,0.0
3564,Carplus Pte Ltd,0.0,0.0,0.0,0.0,0.0,0.0,0.0,0.0,0.0,0.0,0.0
3565,United Auto Pte Ltd,0.0,0.0,0.0,0.0,0.0,0.0,0.0,0.0,0.0,0.0,0.0
3570,Drivinci Pte Ltd,0.0,0.0,3.1225828466506473,0.0,0.0,0.0,0.0,0.0,0.0,0.0,0.0
3573,Meyer Motors Pte Ltd,0.0,2.311859406435851,2.8016213111977555,0.0,0.0,0.0,0.0,2.7684586748772246,0.0,0.0,0.0
3575,Cyber Yard Ent Pte Ltd,0.0,0.0,0.0,0.0,0.0,0.0,0.0,0.0,0.0,0.0,0.0
3579,Car Pulse Pte Ltd,0.0,0.0,0.0,0.0,0.0,0.0,0.0,0.0,2.126601180708774,0.0,0.0
3580,Owo Cars Pte Ltd,0.0,0.0,0.0,0.0,0.0,0.0,0.0,0.0,0.0,0.0,0.0
3582,Platinum Car Consign Pte Ltd,0.0,0.0,0.0,0.0,0.0,0.0,0.0,0.0,0.0,0.0,0.0
3583,Leons Automotive,0.0,0.0,0.0,0.0,0.0,0.0,0.0,0.0,0.0,0.0,0.0
3587,Smile Auto Pte Ltd,0.0,2.4530986455376698,0.0,0.0,0.0,0.0,0.0,0.0,2.2066700741090988,0.0,0.0
3588,EDM Cars Pte Ltd,0.0,3.5271043377278586,0.0,2.8995069351304554,0.0,3.081285522396848,2.989961480585001,2.628994197512455,2.4449614805850013,0.0,0.0
3590,Trillions Auto,0.0,0.0,0.0,0.0,0.0,0.0,0.0,0.0,0.0,0.0,0.0
3592,M S Motor Pte Ltd,0.0,0.0,0.0,0.0,0.0,0.0,0.0,0.0,0.0,0.0,0.0
3594,Eastern Motoring Pte Ltd,0.0,0.0,0.0,0.0,0.0,0.0,0.0,0.0,1.8040664538228053,0.0,0.0
3597,Carro,0.0,6.441663416470094,4.776901511708189,5.19052705283373,0.0,6.486436935633856,7.841663416470093,0.0,4.28333008313676,0.0,0.0
3598,Hach Pte Ltd,0.0,0.0,0.0,0.0,0.0,0.0,0.0,0.0,0.0,0.0,0.0
3599,D'Carz Trading Pte Ltd,0.0,0.0,0.0,0.0,0.0,0.0,0.0,0.0,,0.0,0.0
3600,Axon Automobile,0.0,0.0,0.0,0.0,0.0,0.0,0.0,0.0,0.0,0.0,0.0
3602,TN Auto Trading Pte Ltd,0.0,0.0,0.0,0.0,0.0,0.0,0.0,0.0,0.0,0.0,0.0
3604,Dats Motor Trading Pte Ltd,0.0,0.0,0.0,0.0,0.0,0.0,0.0,0.0,0.0,0.0,0.0
3606,Auto Macchina,0.0,0.0,0.0,0.0,0.0,0.0,0.0,0.0,0.0,0.0,0.0
3607,Auto Galleria Pte Ltd,0.0,0.0,0.0,0.0,3.10145293812268,0.0,0.0,0.0,0.0,0.0,0.0
3613,WS Car Pte Ltd,0.0,0.0,0.0,0.0,0.0,0.0,0.0,0.0,0.0,0.0,0.0
3614,Southnine (Automobile) Pte Ltd,0.0,0.0,0.0,0.0,0.0,0.0,0.0,0.0,0.0,0.0,0.0
3616,Vanguard Global Pte Ltd,0.0,0.0,0.0,0.0,0.0,0.0,0.0,0.0,0.0,0.0,0.0
3622,Hua Yang Motor Pte Ltd,0.0,0.0,0.0,0.0,0.0,0.0,0.0,0.0,0.0,0.0,0.0
3626,Creative Auto Leasing Pte Ltd,0.0,2.5465122325943983,0.0,4.229060933893099,0.0,2.536581919005548,2.7000836611658268,0.0,2.300083661165827,0.0,0.0
3627,Optimum Motoring Pte Ltd,0.0,0.0,0.0,0.0,0.0,0.0,0.0,0.0,2.170489216541501,0.0,0.0
3629,Walo Auto Pte Ltd,0.0,0.0,0.0,0.0,0.0,0.0,0.0,0.0,0.0,0.0,0.0
3630,Bestauto Motoring,0.0,0.0,0.0,0.0,0.0,0.0,0.0,0.0,0.0,0.0,0.0
3632,Cycle & Carriage Industries Pte Ltd,0.0,0.0,0.0,0.0,0.0,0.0,0.0,0.0,0.0,0.0,0.0
3639,Ho Motors Pte Ltd,0.0,0.0,0.0,0.0,0.0,0.0,0.0,0.0,0.0,0.0,0.0
3641,Lumens Auto Pte Ltd,0.0,0.0,0.0,0.0,0.0,0.0,0.0,0.0,0.0,0.0,0.0
3642,1st Daytona Motor Trading,0.0,0.0,0.0,0.0,0.0,0.0,0.0,0.0,0.0,0.0,0.0
3647,Autohaven Pte Ltd,0.0,3.573932566026792,0.0,3.441221527065753,0.0,0.0,2.701789708883935,0.0,3.0084563755506015,0.0,0.0
3648,Queen's Car Pte Ltd,0.0,3.1224672900279717,3.2869910995517815,3.281558199118881,0.0,3.0471188579722224,3.157467290027972,0.0,3.039133956694638,0.0,0.0
3649,Noorjahan Global Enterprise,0.0,0.0,0.0,0.0,0.0,0.0,0.0,0.0,0.0,0.0,0.0
3650,Kars N Drive Consultancy Pte Ltd,0.0,0.0,0.0,0.0,0.0,0.0,0.0,0.0,0.0,0.0,0.0
3651,Car Network SG Pte Ltd,0.0,0.0,0.0,0.0,0.0,0.0,0.0,0.0,0.0,0.0,0.0
3652,Automedic Holdings,0.0,0.0,0.0,0.0,0.0,0.0,0.0,0.0,0.0,0.0,0.0
3653,Carbers Pte Ltd,0.0,0.0,0.0,0.0,0.0,0.0,0.0,0.0,0.0,0.0,0.0
3654,Cars Deluxe,0.0,0.0,0.0,0.0,0.0,0.0,0.0,0.0,0.0,0.0,0.0
3655,Car Hub SG,0.0,0.0,0.0,0.0,0.0,0.0,0.0,0.0,0.0,0.0,0.0
3656,Supreme Cars Ventures Pte Ltd,0.0,0.0,0.0,0.0,0.0,0.0,2.4638038848066777,0.0,0.0,0.0,0.0
3658,Lipo 88 Leasing Pte Ltd,0.0,0.0,0.0,0.0,0.0,0.0,0.0,0.0,0.0,0.0,0.0
3659,Hybrid Vehicles Singapore Pte Ltd,0.0,0.0,0.0,0.0,0.0,0.0,0.0,0.0,0.0,0.0,0.0
3660,Honestbobsg Pte Ltd,0.0,0.0,0.0,0.0,0.0,0.0,0.0,0.0,0.0,0.0,0.0
3662,V.I.P. Auto Nation Pte Ltd,0.0,2.347406269949622,2.5412157937591457,2.831091334884687,0.0,0.0,3.215977698521051,2.957841140910809,0.0,0.0,0.0
3664,Auto Garage Pte Ltd,0.0,0.0,0.0,0.0,0.0,0.0,0.0,0.0,0.0,0.0,0.0
3665,Carle Pte Ltd,0.0,3.14565901602319,2.7944685398327143,2.6041005744647485,0.0,0.0,0.0,0.0,3.3730399684041426,0.0,0.0
3667,Car Zone Auto Pte Ltd,0.0,0.0,2.9147263191530888,0.0,0.0,0.0,0.0,2.6594015206703956,0.0,0.0,0.0
3668,Acquired Cars Pte Ltd,0.0,0.0,0.0,0.0,0.0,0.0,0.0,0.0,0.0,0.0,0.0
3700,Latitude Automobiles Pte Ltd,0.0,0.0,0.0,0.0,0.0,0.0,0.0,0.0,2.251374400759464,0.0,0.0
3701,MK Cars Pte Ltd,0.0,0.0,0.0,0.0,0.0,0.0,0.0,0.0,0.0,0.0,0.0
3705,Auto Advice,0.0,0.0,0.0,0.0,0.0,0.0,0.0,0.0,0.0,0.0,0.0
3706,KT Motoring Pte Ltd,0.0,0.0,0.0,0.0,0.0,0.0,0.0,0.0,0.0,0.0,0.0
3707,Edmund Motor Pte Ltd,0.0,2.3226160270938996,0.0,2.761414728392601,0.0,2.5019714277907634,2.831187455665328,0.0,3.0511874556653282,0.0,0.0
3709,Titans Motoring,0.0,0.0,0.0,0.0,0.0,0.0,0.0,0.0,2.5692581645246317,0.0,0.0
3712,Otopac Motors Pte Ltd,0.0,0.0,2.8514038540860103,0.0,0.0,0.0,0.0,0.0,0.0,0.0,0.0
3715,Assameur Automobile,0.0,0.0,0.0,0.0,0.0,0.0,0.0,0.0,0.0,0.0,0.0
3716,Initial Auto Pte Ltd,0.0,0.0,0.0,0.0,0.0,0.0,0.0,0.0,2.325940753187216,0.0,0.0
3717,WTM Automobile,0.0,0.0,0.0,0.0,0.0,0.0,0.0,0.0,0.0,0.0,0.0
3718,C&C Motorline,0.0,0.0,0.0,0.0,0.0,0.0,0.0,0.0,0.0,0.0,0.0
3720,EC3 Asset Management,0.0,0.0,0.0,0.0,0.0,0.0,0.0,0.0,0.0,0.0,0.0
3721,RJ Leasing,0.0,0.0,0.0,0.0,0.0,0.0,0.0,0.0,0.0,0.0,0.0
3723,SSCC Motoring Pte Ltd,0.0,0.0,0.0,0.0,0.0,0.0,0.0,0.0,0.0,0.0,0.0
3725,Autoart Singapore Pte Ltd,0.0,0.0,0.0,0.0,0.0,0.0,0.0,0.0,2.157317296044818,0.0,0.0
3726,Marina Bay Automobiles Pte Ltd,0.0,0.0,0.0,0.0,0.0,0.0,0.0,0.0,0.0,0.0,0.0
3727,Squad Auto Pte Ltd,0.0,2.420516531163664,0.0,0.0,0.0,0.0,0.0,0.0,0.0,0.0,0.0
3728,Cars N U Auto Pte Ltd,0.0,0.0,0.0,0.0,0.0,0.0,0.0,0.0,0.0,0.0,0.0
3730,Precision Automobile Pte Ltd,0.0,0.0,0.0,0.0,0.0,0.0,0.0,3.618034077951671,0.0,0.0,0.0
3731,Perpendicular Pte Ltd,0.0,0.0,0.0,0.0,0.0,0.0,0.0,0.0,0.0,0.0,0.0
3732,365 Automotive Pte Ltd,0.0,0.0,0.0,0.0,0.0,0.0,0.0,0.0,0.0,0.0,0.0
3734,First Automobile Premium Pte Ltd ,0.0,0.0,0.0,0.0,0.0,0.0,0.0,0.0,0.0,0.0,0.0
3736,Consign SG,0.0,0.0,0.0,0.0,0.0,0.0,0.0,0.0,0.0,0.0,0.0
3737,Cars For Rent (2016) Pte Ltd,0.0,0.0,0.0,0.0,0.0,0.0,0.0,0.0,0.0,0.0,0.0
3738,Palladium Auto Solutions Pte Ltd,0.0,0.0,0.0,0.0,0.0,0.0,0.0,0.0,0.0,0.0,0.0
3739,CMS Marketing,0.0,0.0,0.0,0.0,0.0,0.0,0.0,0.0,0.0,0.0,0.0
3740,NB Auto Pte Ltd,0.0,0.0,0.0,0.0,0.0,0.0,0.0,0.0,0.0,0.0,0.0
3741,Autohome Trading,0.0,0.0,0.0,0.0,0.0,0.0,0.0,0.0,0.0,0.0,0.0
3742,Auto Direct Pte Ltd,0.0,0.0,0.0,0.0,0.0,0.0,0.0,0.0,0.0,0.0,0.0
3743,SA Cars Pte Ltd,0.0,0.0,0.0,0.0,0.0,0.0,0.0,0.0,0.0,0.0,0.0
3745,SY Cars JDM Pte Ltd,0.0,0.0,0.0,0.0,0.0,0.0,0.0,0.0,0.0,0.0,0.0
3747,Prestige One Capital Pte Ltd,0.0,0.0,0.0,0.0,0.0,0.0,0.0,0.0,0.0,0.0,0.0
3748,KGC Motors Pte Ltd,0.0,0.0,0.0,0.0,0.0,0.0,0.0,0.0,0.0,0.0,0.0
3749,Big Bird Automobiles Pte Ltd,0.0,0.0,0.0,0.0,0.0,0.0,0.0,2.711335467253479,0.0,0.0,0.0
3750,PG Motoring,0.0,4.04160291330264,2.8235076752074018,3.536083432783159,0.0,0.0,4.420174341874068,0.0,0.0,0.0,0.0
3752,M Wheels,0.0,0.0,0.0,0.0,0.0,0.0,0.0,0.0,0.0,0.0,0.0
3753,Car Space Pte Ltd,0.0,0.0,0.0,0.0,0.0,0.0,0.0,0.0,0.0,0.0,0.0
3754,Carsdotcom Pte Ltd,0.0,0.0,2.7405837368537607,2.816795858065882,0.0,0.0,0.0,0.0,0.0,0.0,0.0
3755,Via Global Pte Ltd,0.0,0.0,0.0,0.0,0.0,0.0,0.0,0.0,0.0,0.0,0.0
3756,LKT Group Pte Ltd,0.0,0.0,0.0,0.0,0.0,0.0,0.0,0.0,0.0,0.0,0.0
3757,Pink Auto Pte Ltd,0.0,0.0,0.0,0.0,0.0,0.0,0.0,0.0,0.0,0.0,0.0
3758,JD Motoring,0.0,0.0,0.0,0.0,0.0,0.0,0.0,0.0,0.0,0.0,0.0
3759,One Drive Automobile,0.0,3.585628919222711,0.0,0.0,0.0,0.0,3.417771776365568,0.0,0.0,0.0,0.0
3760,Products I Need (P.I.N) Cars Pte Ltd,0.0,0.0,0.0,0.0,0.0,0.0,0.0,0.0,0.0,0.0,0.0
3761,Dpex Motor Pte Ltd,0.0,2.388527049390558,0.0,2.476757568871078,0.0,0.0,0.0,0.0,2.2920984779619866,0.0,0.0
3764,BP Auto Enterprise Pte Ltd,0.0,0.0,0.0,0.0,0.0,0.0,0.0,0.0,0.0,0.0,0.0
3765,ACES Enchante Pte Ltd,0.0,0.0,0.0,0.0,0.0,0.0,0.0,0.0,0.0,0.0,0.0
3766,ST Powered Motoring,0.0,0.0,2.3691934567536848,0.0,0.0,0.0,0.0,2.840829303126373,2.2641934567536843,0.0,0.0
3767,Lux Motoring LLP,0.0,0.0,0.0,0.0,0.0,0.0,0.0,0.0,0.0,0.0,0.0
3768,Lek Auto Pte Ltd,0.0,0.0,0.0,0.0,0.0,0.0,0.0,0.0,0.0,2.9952757553464,2.8562413620952647
3769,Voila Motors Pte Ltd,0.0,0.0,0.0,0.0,0.0,0.0,0.0,2.8929764391110644,2.6169569986179395,0.0,0.0
3770,Plus Auto Pte Ltd,0.0,0.0,0.0,0.0,0.0,0.0,0.0,0.0,0.0,0.0,0.0
3772,TSL Motoring Pte Ltd,0.0,0.0,0.0,0.0,0.0,0.0,0.0,0.0,2.1214942337707474,0.0,0.0
3773,SJ Auto Pte Ltd,0.0,0.0,0.0,0.0,0.0,0.0,0.0,0.0,0.0,0.0,0.0
3774,Thrift Motors Pte Ltd,0.0,0.0,0.0,0.0,0.0,0.0,0.0,0.0,0.0,0.0,0.0
3776,Hype Motoring Pte Ltd,0.0,0.0,0.0,0.0,0.0,0.0,0.0,0.0,0.0,0.0,0.0
3778,L & R Auto Pte Ltd,0.0,0.0,0.0,0.0,0.0,0.0,0.0,0.0,0.0,0.0,0.0
3788,Auto Car Traders.com Pte Ltd,0.0,0.0,0.0,0.0,0.0,0.0,0.0,0.0,0.0,0.0,0.0
3789,Mercury Motoring,0.0,0.0,0.0,0.0,0.0,0.0,0.0,0.0,0.0,0.0,0.0
3790,AP Automotive Services Pte Ltd,0.0,0.0,0.0,0.0,0.0,0.0,0.0,0.0,0.0,0.0,0.0
3791,Chaze Auto Pte Ltd,0.0,2.7720882443526973,0.0,0.0,0.0,0.0,0.0,0.0,0.0,0.0,0.0
3792,All Wheelers Concierge Pte Ltd,0.0,0.0,0.0,0.0,0.0,0.0,0.0,0.0,0.0,0.0,0.0
3794,Wheels & Cars Pte Ltd,0.0,2.5198477877038767,0.0,0.0,0.0,0.0,0.0,2.3907784928451083,0.0,0.0,0.0
3795,LionStar Auto Pte Ltd,0.0,0.0,0.0,0.0,0.0,0.0,0.0,0.0,0.0,0.0,0.0
3796,SC Auto Pte Ltd,0.0,0.0,0.0,0.0,0.0,0.0,0.0,0.0,0.0,0.0,0.0
3797,SG Urban Automotive,0.0,0.0,0.0,0.0,0.0,0.0,0.0,0.0,0.0,0.0,0.0
3798,Eco Automobile Trading,0.0,0.0,0.0,0.0,0.0,0.0,0.0,0.0,0.0,0.0,0.0
3799,Turbocharge Pte Ltd,0.0,0.0,0.0,0.0,0.0,0.0,0.0,0.0,0.0,0.0,0.0
3800,Eurohaus Tuning Pte Ltd,0.0,0.0,0.0,0.0,0.0,0.0,0.0,0.0,0.0,0.0,0.0
3801,D Car Trader Pte Ltd,0.0,0.0,0.0,0.0,0.0,0.0,0.0,0.0,0.0,0.0,0.0
3802,Speciale Motors Pte Ltd,0.0,0.0,0.0,0.0,0.0,0.0,0.0,0.0,0.0,0.0,0.0
3803,Vantage Auto Pte Ltd,0.0,2.3790471875323163,0.0,0.0,0.0,0.0,0.0,0.0,0.0,0.0,0.0
3805,The Cartale,0.0,0.0,0.0,0.0,0.0,0.0,0.0,0.0,0.0,0.0,0.0
3807,Vans N Trucks Pte Ltd,0.0,0.0,0.0,0.0,0.0,0.0,0.0,0.0,0.0,0.0,0.0
3808,Ruf Automobiles Singapore Pte Ltd,0.0,0.0,0.0,0.0,0.0,0.0,0.0,2.897059294124853,0.0,0.0,0.0
3809,CHE.com.sg Pte Ltd,0.0,0.0,0.0,0.0,0.0,0.0,0.0,0.0,0.0,0.0,0.0
3811,SG DreamCars Pte Ltd,0.0,0.0,3.011397416348605,0.0,0.0,0.0,0.0,0.0,0.0,0.0,0.0
3812,Yes Hub Pte Ltd,0.0,0.0,0.0,0.0,0.0,0.0,0.0,0.0,0.0,0.0,0.0
3813,Grandeur Motors Pte Ltd,0.0,0.0,0.0,0.0,3.161158965426904,0.0,0.0,0.0,0.0,0.0,0.0
3814,Diamond Auto Pte Ltd,0.0,0.0,0.0,0.0,0.0,0.0,0.0,0.0,0.0,0.0,0.0
3815,Rightdrive,0.0,2.1736451545714663,0.0,0.0,0.0,0.0,0.0,0.0,0.0,0.0,0.0
3816,Hand Tech Auto,0.0,0.0,0.0,0.0,0.0,0.0,0.0,0.0,0.0,0.0,0.0
3817,5G Motors,0.0,2.394943347658666,0.0,0.0,0.0,0.0,2.5285147762300944,0.0,0.0,0.0,0.0
3819,Exquisite Lux,0.0,2.480806034633602,0.0,0.0,3.9450917489193165,0.0,0.0,2.896727595292005,2.6950917489193165,0.0,0.0
3820,My Car Credit Pte Ltd,0.0,0.0,0.0,0.0,0.0,0.0,0.0,0.0,0.0,0.0,0.0
3821,Auto Atelier Pte Ltd,0.0,0.0,0.0,0.0,0.0,0.0,0.0,0.0,2.100255324352515,0.0,0.0
3822,Pinetree Automobile Pte Ltd,0.0,0.0,0.0,0.0,0.0,0.0,0.0,0.0,0.0,0.0,0.0
3825,Autodealz Pte Ltd,0.0,0.0,0.0,0.0,0.0,0.0,0.0,0.0,0.0,0.0,0.0
3826,MCCT Motoring,0.0,0.0,0.0,0.0,0.0,0.0,0.0,0.0,0.0,0.0,0.0
3827,Jmax Automobile,0.0,0.0,0.0,0.0,0.0,0.0,0.0,0.0,0.0,0.0,0.0
3828,Car Xtream,0.0,0.0,0.0,0.0,0.0,0.0,0.0,0.0,0.0,0.0,0.0
3829,The Lux Motors Pte Ltd,0.0,0.0,0.0,0.0,0.0,0.0,0.0,0.0,0.0,0.0,0.0
3830,918 Motoring Pte Ltd,0.0,0.0,0.0,0.0,0.0,0.0,0.0,0.0,0.0,0.0,0.0
3832,B&D Focus Pte Ltd,0.0,0.0,0.0,0.0,0.0,0.0,0.0,0.0,0.0,0.0,0.0
3836,R.Motors.R,0.0,0.0,0.0,0.0,0.0,0.0,0.0,0.0,0.0,0.0,0.0
3837,Warehouse Exotics Pte Ltd,0.0,0.0,0.0,0.0,3.841856085750302,0.0,0.0,3.2799784186094767,2.216856085750302,0.0,0.0
3838,JFR Auto Trading,0.0,2.9561142387831296,0.0,3.249945407614298,0.0,0.0,2.660399953068844,0.0,2.420399953068844,0.0,0.0
3839,Singapore Car Deals,0.0,0.0,0.0,0.0,0.0,0.0,0.0,0.0,0.0,0.0,0.0
3840,Just Cars,0.0,2.2227967533251776,0.0,0.0,0.0,0.0,0.0,0.0,0.0,0.0,0.0
3841,T Dynasty Pte Ltd,0.0,0.0,0.0,0.0,0.0,0.0,0.0,0.0,0.0,0.0,0.0
3842,The Car Science Automobile,0.0,0.0,0.0,0.0,0.0,0.0,0.0,0.0,0.0,0.0,0.0
3843,1 Stop Motoring Pte Ltd,0.0,0.0,0.0,0.0,0.0,0.0,0.0,0.0,0.0,0.0,0.0
3844,118 Cars,0.0,0.0,0.0,0.0,0.0,0.0,0.0,0.0,0.0,0.0,0.0
3845,YM Auto,0.0,2.737725645255862,0.0,0.0,0.0,0.0,0.0,0.0,0.0,0.0,0.0
3846,42 Motors Pte Ltd,0.0,3.71634091551933,3.1311028202812348,2.9844415648699796,0.0,0.0,4.082055201233616,4.056749369085678,3.277055201233616,0.0,0.0
3847,Invictus Auto Pte Ltd,0.0,0.0,0.0,0.0,0.0,0.0,0.0,0.0,0.0,0.0,0.0
3848,Gran Torino Pte Ltd,0.0,0.0,0.0,0.0,0.0,0.0,0.0,0.0,0.0,0.0,0.0
3849,LG Autocar Pte Ltd,0.0,0.0,0.0,0.0,0.0,0.0,0.0,0.0,0.0,0.0,0.0
3850,Neo Times Pte Ltd,0.0,0.0,2.1947586900084404,0.0,0.0,0.0,0.0,0.0,0.0,0.0,0.0
3851,Millionar Auto Pte Ltd,0.0,0.0,0.0,0.0,0.0,0.0,0.0,0.0,0.0,0.0,0.0
3853,Coatconut Pte Ltd,0.0,0.0,0.0,0.0,0.0,0.0,0.0,0.0,,0.0,0.0
3854,GT Autos Pte Ltd,0.0,0.0,0.0,0.0,0.0,0.0,0.0,0.0,0.0,0.0,0.0
3855,Premium Auto Trader Pte Ltd,0.0,0.0,0.0,0.0,0.0,0.0,0.0,0.0,0.0,0.0,0.0
3856,Jackson Powertrain Pte Ltd,0.0,0.0,0.0,0.0,0.0,0.0,0.0,0.0,0.0,0.0,0.0
3857,Abwin Leasing Pte Ltd,0.0,0.0,0.0,0.0,0.0,0.0,0.0,0.0,0.0,0.0,0.0
3858,EV Direct Pte Ltd,0.0,0.0,0.0,0.0,0.0,0.0,0.0,0.0,0.0,0.0,0.0
3859,Consulting Cars Pte Ltd,0.0,2.6819043607702087,0.0,0.0,0.0,0.0,0.0,0.0,0.0,0.0,0.0
3860,Aziz Ah Oh Motor Trading,0.0,0.0,0.0,3.5311410911500785,0.0,0.0,2.9502320002409883,0.0,0.0,0.0,0.0
3862,Mexo Motors LLP,0.0,0.0,0.0,0.0,0.0,0.0,0.0,0.0,0.0,0.0,0.0
3863,Car Express Auto Trading,0.0,0.0,0.0,0.0,0.0,0.0,0.0,0.0,2.9771981800076035,0.0,0.0
3865,Cloud Carz Pte Ltd,0.0,0.0,0.0,0.0,0.0,0.0,0.0,0.0,0.0,0.0,0.0
3866,Keep Rolling Auto Pte Ltd,0.0,0.0,0.0,0.0,0.0,0.0,0.0,0.0,0.0,0.0,0.0
3867,Nine Motorsports Pte Ltd,0.0,0.0,0.0,0.0,2.8440520822870003,0.0,0.0,0.0,0.0,0.0,0.0
3870,Rmotoring Pte Ltd,0.0,0.0,0.0,0.0,0.0,0.0,0.0,0.0,0.0,0.0,0.0
3871,Auto Insurance SG Pte Ltd,0.0,0.0,0.0,0.0,0.0,0.0,0.0,0.0,0.0,0.0,0.0
3872,Evershine Kumar Automobile,0.0,0.0,0.0,0.0,0.0,0.0,0.0,0.0,0.0,0.0,0.0
3873,Car Culture Pte Ltd,0.0,2.670137846792843,3.286090227745224,0.0,0.0,2.805590808465317,0.0,0.0,4.057042608697604,0.0,0.0
3874,Maxicar SG,0.0,0.0,0.0,0.0,0.0,0.0,0.0,0.0,0.0,0.0,0.0
3875,TAG Auto,0.0,0.0,2.6930372991445455,0.0,0.0,0.0,0.0,3.0701571257380564,2.5508944420016886,0.0,0.0
3876,Lightspeed Automotive,0.0,0.0,0.0,0.0,0.0,0.0,0.0,0.0,0.0,0.0,0.0
3878,Majestic Automobile Pte Ltd,0.0,0.0,0.0,0.0,0.0,0.0,0.0,0.0,0.0,0.0,0.0
3881,Direct Auto Solutions,0.0,0.0,0.0,0.0,0.0,0.0,0.0,0.0,0.0,0.0,0.0
3883,Optimal Auto Pte Ltd,0.0,0.0,0.0,0.0,0.0,0.0,0.0,0.0,0.0,0.0,0.0
3885,Carzeus Pte Ltd,0.0,1.9474176863937962,0.0,0.0,0.0,0.0,0.0,0.0,0.0,0.0,0.0
3886,Evolution Motors Pte Ltd,0.0,0.0,0.0,0.0,0.0,0.0,0.0,0.0,0.0,0.0,0.0
3887,Auto G Pte Ltd,0.0,2.5463492115154773,0.0,0.0,0.0,0.0,0.0,0.0,0.0,0.0,0.0
3889,J.Marzu Pte Ltd,0.0,2.2087698860714666,0.0,0.0,0.0,0.0,0.0,0.0,0.0,0.0,0.0
3890,De-One Auto Pte Ltd,0.0,0.0,0.0,0.0,0.0,0.0,0.0,0.0,0.0,0.0,0.0
3894,Epicar Auto Pte Ltd,0.0,2.883732644996245,0.0,0.0,0.0,0.0,2.5830183592819598,2.817577391998887,2.4230183592819596,0.0,0.0
3895,Ace Star Auto Pte Ltd,0.0,0.0,2.530505245030101,2.4811762407010964,0.0,0.0,0.0,0.0,0.0,0.0,2.4470880453143935
3896,Grit Automotive Pte Ltd,0.0,2.3682179558841012,2.18178938445553,0.0,0.0,0.0,0.0,0.0,0.0,0.0,0.0
3897,Posh Auto Pte Ltd,0.0,0.0,0.0,0.0,0.0,0.0,0.0,0.0,0.0,0.0,0.0
3898,Glamour Automotive Pte Ltd,0.0,0.0,0.0,0.0,0.0,0.0,0.0,0.0,0.0,0.0,0.0
3899,Reliable Carz Pte Ltd,0.0,0.0,0.0,0.0,0.0,0.0,0.0,0.0,0.0,0.0,0.0
3900,New Age Group Holdings Pte Ltd,0.0,0.0,0.0,0.0,0.0,0.0,0.0,0.0,0.0,0.0,0.0
3901,Carz Gallery Pte Ltd,0.0,0.0,2.2459116461887265,0.0,0.0,0.0,0.0,0.0,0.0,0.0,0.0
3902,AE Motors Pte Ltd,0.0,0.0,0.0,0.0,0.0,0.0,0.0,0.0,0.0,0.0,0.0
3903,HG Auto Pte Ltd,0.0,0.0,0.0,0.0,0.0,0.0,0.0,0.0,0.0,0.0,0.0
3910,Commercial Vehicles Distributor Pte Ltd,0.0,0.0,0.0,0.0,0.0,0.0,0.0,0.0,0.0,0.0,0.0
3911,Wink Cars,0.0,2.7379936306324963,0.0,0.0,0.0,0.0,0.0,0.0,3.016565059203925,0.0,0.0
3912,Hayashi Automobiles,0.0,0.0,0.0,0.0,0.0,0.0,0.0,0.0,2.3812421892578737,0.0,0.0
3913,PK Wheels Pte Ltd,0.0,0.0,0.0,0.0,0.0,0.0,0.0,0.0,0.0,0.0,0.0
3914,Finzeo Pte Ltd,0.0,0.0,0.0,0.0,0.0,0.0,0.0,0.0,0.0,0.0,0.0
3915,MTM Automobile Pte Ltd,0.0,2.2094518217656196,2.738499440813239,0.0,0.0,0.0,2.3030232503370485,2.3659748861834213,0.0,0.0,0.0
3918,Conceptz Motoring,0.0,0.0,0.0,0.0,0.0,0.0,0.0,0.0,0.0,0.0,0.0
3919,Art Automobiles Pte Ltd,0.0,0.0,0.0,0.0,0.0,0.0,0.0,0.0,0.0,0.0,0.0
3920,VS Auto Pte Ltd,0.0,0.0,0.0,0.0,0.0,0.0,0.0,0.0,0.0,0.0,0.0
3922,AT Carz,0.0,0.0,0.0,0.0,0.0,0.0,0.0,0.0,2.4877321042037033,0.0,0.0
3923,Singh Motorsports Pte Ltd,0.0,0.0,0.0,0.0,0.0,0.0,0.0,0.0,0.0,0.0,0.0
3924,MCC Auto Medic LLP,0.0,0.0,0.0,0.0,0.0,0.0,0.0,0.0,0.0,0.0,0.0
3925,JY Auto Pte Ltd,0.0,0.0,0.0,0.0,0.0,0.0,0.0,0.0,0.0,0.0,0.0
3926,MSR Auto Pte Ltd,0.0,0.0,0.0,0.0,0.0,0.0,0.0,0.0,0.0,0.0,0.0
3928,Butter Trade Pte Ltd,0.0,0.0,0.0,0.0,0.0,0.0,0.0,0.0,0.0,0.0,0.0
3929,Tick Torque Pte Ltd,0.0,0.0,0.0,0.0,0.0,0.0,0.0,0.0,0.0,0.0,0.0
3931,Thres Auto Pte Ltd,0.0,0.0,0.0,0.0,0.0,0.0,0.0,0.0,0.0,0.0,0.0
3932,RightGroup Holdings Pte Ltd,0.0,0.0,0.0,0.0,0.0,0.0,0.0,0.0,0.0,0.0,0.0
3933,Mach One Auto Pte Ltd,0.0,0.0,0.0,0.0,0.0,0.0,0.0,0.0,0.0,0.0,0.0
3934,The Car Concept Pte Ltd,0.0,0.0,0.0,0.0,0.0,0.0,0.0,0.0,0.0,0.0,0.0
3935,Daytona Motors,0.0,0.0,0.0,0.0,0.0,0.0,0.0,0.0,0.0,0.0,0.0
3936,Bell KSL Auto Pte Ltd,0.0,0.0,0.0,0.0,0.0,0.0,0.0,0.0,0.0,,0.0
3943,Top Autos Pte Ltd,0.0,0.0,0.0,0.0,0.0,0.0,0.0,0.0,0.0,0.0,0.0
3945,CarRight Auto Pte Ltd,0.0,0.0,0.0,0.0,0.0,0.0,0.0,0.0,0.0,0.0,0.0
3946,Onestop Carshop Pte Ltd,0.0,0.0,0.0,0.0,0.0,0.0,0.0,0.0,0.0,0.0,0.0
3949,SGCARS4U.com Pte Ltd,0.0,0.0,0.0,0.0,0.0,0.0,0.0,0.0,0.0,0.0,0.0
3950,Car Butlers Pte Ltd,0.0,0.0,0.0,0.0,0.0,0.0,0.0,0.0,0.0,0.0,0.0
3951,GC Automotive (S) Pte Ltd,0.0,0.0,0.0,0.0,0.0,0.0,0.0,0.0,0.0,0.0,0.0
3952,Wang Soon Lee Auto Gallery Pte Ltd,0.0,0.0,0.0,0.0,0.0,0.0,0.0,0.0,0.0,0.0,0.0
3954,Star Performance Auto,0.0,2.8725898618934753,0.0,0.0,0.0,0.0,3.07687557617919,0.0,3.153542242845856,0.0,0.0
3955,CVM Trading,0.0,0.0,0.0,0.0,0.0,0.0,0.0,0.0,0.0,0.0,0.0
3956,Wizard Carz,0.0,0.0,0.0,0.0,0.0,0.0,0.0,0.0,0.0,0.0,0.0
3958,RZER Performance Pte Ltd,0.0,0.0,0.0,0.0,0.0,0.0,0.0,0.0,0.0,0.0,0.0
3959,Car R Toys Trader Pte Ltd,0.0,0.0,0.0,0.0,0.0,0.0,0.0,0.0,0.0,0.0,0.0
3961,New Creation Enterprise,0.0,0.0,0.0,2.7867777466318313,0.0,0.0,0.0,0.0,0.0,0.0,0.0
3964,Gusto 4 Wheels Pte Ltd,0.0,0.0,0.0,0.0,0.0,0.0,0.0,0.0,0.0,0.0,0.0
3965,111 Motoring Pte Ltd,0.0,0.0,0.0,0.0,0.0,0.0,0.0,0.0,0.0,0.0,0.0
3966,ST Motors,0.0,2.5870129151180503,0.0,0.0,0.0,0.0,0.0,0.0,0.0,0.0,0.0
3967,VT Auto Pte Ltd,0.0,0.0,0.0,0.0,0.0,0.0,0.0,0.0,0.0,0.0,0.0
3968,Revv Automotive Pte Ltd,0.0,0.0,2.3706443669224924,0.0,0.0,0.0,0.0,2.4794515199401714,2.2427872240653492,0.0,0.0
3969,Carzioz Pte Ltd,0.0,0.0,0.0,0.0,0.0,0.0,0.0,0.0,0.0,0.0,0.0
3970,Auto Supreme Pte Ltd,0.0,0.0,0.0,0.0,0.0,0.0,0.0,0.0,2.326458120894117,0.0,0.0
3971,HS Financing Pte Ltd,0.0,0.0,0.0,0.0,0.0,0.0,0.0,0.0,0.0,0.0,0.0
3972,Car Edition Pte Ltd,0.0,0.0,0.0,0.0,0.0,0.0,0.0,0.0,0.0,0.0,0.0
3973,Hypacars Pte Ltd,0.0,0.0,0.0,0.0,0.0,0.0,0.0,3.1417867591727395,0.0,0.0,0.0
3975,Carz'D'Artz,0.0,0.0,0.0,0.0,0.0,0.0,0.0,0.0,0.0,0.0,0.0
3976,Vanger Motors Pte Ltd,0.0,0.0,0.0,0.0,0.0,0.0,0.0,0.0,2.0430713146728414,0.0,0.0
3977,Roysin Trading,0.0,0.0,0.0,0.0,0.0,0.0,0.0,0.0,0.0,0.0,0.0
3978,Dream Car Pte Ltd,0.0,0.0,0.0,0.0,0.0,0.0,0.0,0.0,0.0,0.0,0.0
3979,Real Man Boost Motorsport,0.0,0.0,0.0,0.0,0.0,0.0,0.0,1.9815778904631665,0.0,0.0,0.0
3980,Carbusiness (S) Pte Ltd,0.0,0.0,0.0,0.0,0.0,0.0,0.0,0.0,0.0,0.0,0.0
3981,Secret Garage Pte Ltd,0.0,0.0,2.7673735702554367,0.0,0.0,0.0,3.069754522636389,0.0,0.0,0.0,0.0
3982,Destiny Motors Pte Ltd,0.0,0.0,0.0,0.0,0.0,0.0,0.0,0.0,0.0,0.0,0.0
3983,Magnet Motors Pte Ltd,0.0,3.2607348116013664,0.0,0.0,0.0,0.0,2.6357348116013664,0.0,0.0,0.0,0.0
3984,E and F Motors Pte Ltd,0.0,0.0,0.0,0.0,0.0,0.0,0.0,0.0,0.0,0.0,0.0
3985,OC Motorz Pte Ltd,0.0,2.0371851080704175,0.0,0.0,0.0,0.0,0.0,0.0,0.0,0.0,0.0
3986,Express Auto Pte Ltd,0.0,0.0,0.0,0.0,0.0,0.0,0.0,0.0,0.0,0.0,0.0
3987,Statesman Auto LLP,0.0,2.3121052787777954,2.2090100406825575,0.0,0.0,0.0,0.0,0.0,2.033533850206367,0.0,0.0
3988,Automax Pte Ltd,0.0,0.0,0.0,0.0,0.0,0.0,0.0,0.0,2.7370253346667095,0.0,0.0
3989,J-Auto Pte Ltd,0.0,0.0,0.0,0.0,0.0,0.0,0.0,0.0,0.0,0.0,0.0
3990,Engex Pte Ltd,0.0,0.0,0.0,0.0,0.0,0.0,0.0,0.0,0.0,0.0,0.0
3991,S L Motors,0.0,0.0,0.0,0.0,0.0,0.0,0.0,0.0,0.0,0.0,0.0
3992,Wisemark Pte Ltd,0.0,0.0,0.0,0.0,0.0,0.0,0.0,0.0,1.94869106720915,0.0,0.0
3993,Ken Cars,0.0,0.0,0.0,0.0,0.0,0.0,0.0,0.0,0.0,0.0,0.0
3994,Westpoint Automotive Pte Ltd,0.0,0.0,0.0,0.0,0.0,0.0,0.0,0.0,0.0,0.0,0.0
3995,Prestige Karz Pte Ltd,0.0,0.0,0.0,0.0,0.0,0.0,0.0,0.0,0.0,0.0,0.0
3996,Pegasus Motor,0.0,0.0,0.0,0.0,0.0,0.0,0.0,0.0,2.7492667469116854,0.0,0.0
3997,KaiLi Xuan Trading,0.0,0.0,0.0,0.0,0.0,0.0,0.0,0.0,0.0,0.0,0.0
4000,Benz Bodyworkz Pte Ltd,0.0,0.0,0.0,0.0,0.0,0.0,0.0,0.0,0.0,0.0,0.0
4001,AJ Motors Pte Ltd,0.0,0.0,0.0,0.0,0.0,0.0,0.0,0.0,0.0,0.0,0.0
4002,Infinity Automobile Pte Ltd,0.0,0.0,0.0,0.0,0.0,0.0,0.0,0.0,0.0,0.0,0.0
4003,Ace Motorsports Leasing Pte Ltd,0.0,0.0,0.0,0.0,0.0,0.0,0.0,0.0,0.0,0.0,0.0
4004,Snyder Holdings Pte Ltd,0.0,0.0,0.0,0.0,0.0,0.0,0.0,2.4813057321426983,0.0,0.0,0.0
4006,555 Automobile Pte Ltd,0.0,0.0,0.0,0.0,0.0,0.0,0.0,0.0,0.0,0.0,0.0
4007,JT Motors Pte Ltd,0.0,0.0,0.0,0.0,0.0,0.0,0.0,0.0,0.0,0.0,0.0
4008,Sterling Motors Corporation Pte Ltd,0.0,0.0,0.0,0.0,0.0,0.0,0.0,0.0,0.0,0.0,0.0
4009,Godspeed Auto Pte Ltd,0.0,0.0,0.0,0.0,0.0,0.0,0.0,0.0,0.0,0.0,0.0
4010,KangFu International Pte Ltd,0.0,0.0,0.0,2.0861118556530074,0.0,0.0,0.0,0.0,0.0,0.0,0.0
4011,CZ Auto,0.0,0.0,0.0,0.0,0.0,0.0,0.0,0.0,0.0,0.0,0.0
4012,7M Auto,0.0,0.0,0.0,0.0,0.0,0.0,0.0,0.0,0.0,0.0,0.0
4013,Glatt Motors Pte Ltd,0.0,0.0,0.0,0.0,0.0,0.0,0.0,0.0,0.0,0.0,0.0
4014,Covenant Concept Pte Ltd,0.0,0.0,0.0,0.0,0.0,0.0,0.0,0.0,0.0,0.0,0.0
4015,ANS Auto Pte Ltd,0.0,0.0,0.0,0.0,0.0,0.0,0.0,0.0,0.0,0.0,0.0
4016,1K Motoring,0.0,0.0,0.0,0.0,0.0,0.0,0.0,0.0,0.0,0.0,0.0
4017,Armstrong Auto Pte Ltd,0.0,0.0,0.0,0.0,0.0,0.0,0.0,0.0,0.0,0.0,0.0
4018,Domain Cars Pte Ltd,0.0,0.0,0.0,0.0,0.0,0.0,0.0,0.0,0.0,0.0,0.0
4019,Cars Online Pte Ltd,0.0,0.0,0.0,0.0,0.0,0.0,0.0,0.0,0.0,0.0,0.0
4021,SG Used Cars Pte Ltd,0.0,0.0,0.0,0.0,0.0,0.0,0.0,2.3018817067907404,0.0,0.0,0.0
4022,PLTN Cars LLP,0.0,0.0,0.0,0.0,0.0,0.0,0.0,0.0,0.0,0.0,0.0
4023,Hock Lai Enterprises,0.0,0.0,0.0,0.0,0.0,0.0,0.0,0.0,0.0,0.0,0.0
4025,The Car Specialist Pte Ltd,0.0,0.0,0.0,0.0,0.0,0.0,0.0,0.0,0.0,0.0,0.0
4026,Urban Reveno Pte Ltd,0.0,0.0,0.0,0.0,0.0,0.0,0.0,0.0,0.0,0.0,0.0
4027,RK Carz Pte Ltd,0.0,0.0,0.0,0.0,0.0,0.0,0.0,0.0,0.0,0.0,0.0
4028,Vehicle Trading,0.0,0.0,0.0,0.0,0.0,0.0,0.0,0.0,0.0,0.0,0.0
4029,Aim Car,0.0,0.0,0.0,0.0,0.0,0.0,0.0,0.0,0.0,0.0,0.0
4030,FP Autosports Pte Ltd,0.0,0.0,0.0,0.0,0.0,0.0,0.0,0.0,0.0,0.0,0.0
4031,Auto Zone Pte Ltd,0.0,0.0,0.0,0.0,0.0,0.0,2.364264209797867,0.0,0.0,0.0,0.0
4032,Icon Cars Pte Ltd,0.0,0.0,0.0,0.0,0.0,0.0,2.585065478720575,0.0,2.7017321453872416,0.0,0.0
4033,The Leasing Company Pte Ltd,0.0,0.0,0.0,0.0,0.0,0.0,0.0,0.0,2.287939458746647,0.0,0.0
4034,Level Motors Pte Ltd,0.0,0.0,0.0,0.0,0.0,0.0,0.0,0.0,0.0,0.0,0.0
4035,ZH Cars Pte Ltd,0.0,0.0,0.0,0.0,0.0,0.0,0.0,0.0,0.0,0.0,0.0
4036,PPP Auto SG,0.0,0.0,0.0,0.0,0.0,0.0,0.0,0.0,0.0,0.0,0.0
4037,Teamwork Garage Pte Ltd,0.0,0.0,0.0,0.0,0.0,0.0,0.0,2.4033816317571106,2.2193489148296566,0.0,0.0
4038,M Motors Pte Ltd,0.0,0.0,0.0,0.0,0.0,0.0,0.0,0.0,0.0,0.0,0.0
4039,Gemini Auto,0.0,0.0,2.204139626356439,0.0,0.0,0.0,0.0,2.341396281507831,2.409615816832629,0.0,0.0
4040,TBTG Services,0.0,0.0,0.0,0.0,0.0,0.0,0.0,0.0,0.0,0.0,0.0
4041,REV Ecodrive Pte Ltd,0.0,0.0,0.0,0.0,0.0,0.0,0.0,0.0,0.0,0.0,0.0
4042,Reliable Auto Pte Ltd,0.0,2.1619475190637014,0.0,2.515194272310455,0.0,0.0,0.0,0.0,0.0,0.0,0.0
4043,Advance Autobahn,0.0,0.0,0.0,0.0,0.0,0.0,0.0,0.0,0.0,0.0,0.0
4044,Trofeo Automobile,0.0,0.0,0.0,0.0,0.0,0.0,0.0,0.0,0.0,0.0,0.0
4045,R.C Carz Pte Ltd,0.0,0.0,0.0,0.0,0.0,0.0,0.0,0.0,0.0,0.0,0.0
4048,Lyson Pte Ltd,0.0,0.0,0.0,0.0,0.0,0.0,0.0,0.0,0.0,0.0,0.0
4049,Bo555ku Automobile,0.0,0.0,0.0,0.0,0.0,0.0,0.0,0.0,0.0,0.0,0.0
4050,Plus2 Motoring,0.0,0.0,0.0,0.0,0.0,0.0,0.0,0.0,0.0,0.0,0.0
4051,Revvworks Pte Ltd,0.0,0.0,0.0,0.0,0.0,0.0,0.0,0.0,0.0,0.0,0.0
4052,P1 Motors Pte Ltd,0.0,0.0,0.0,0.0,0.0,0.0,0.0,0.0,0.0,0.0,0.0
4053,One Venture Pte Ltd,0.0,0.0,0.0,0.0,0.0,0.0,0.0,0.0,0.0,0.0,0.0
4054,86 Ace Auto,0.0,0.0,0.0,0.0,0.0,0.0,0.0,0.0,0.0,0.0,0.0
4055,Best Motors Pte Ltd,0.0,0.0,0.0,0.0,0.0,0.0,0.0,0.0,0.0,0.0,0.0
4056,1F Motoring Pte Ltd,0.0,0.0,0.0,0.0,0.0,0.0,0.0,0.0,0.0,0.0,0.0
4057,Sat1 Auto Pte Ltd,0.0,0.0,0.0,0.0,0.0,0.0,0.0,0.0,0.0,0.0,0.0
4058,JD Auto Pte Ltd,0.0,0.0,0.0,0.0,0.0,0.0,0.0,0.0,0.0,0.0,0.0
4059,Aut0 Precisi0n Pte Ltd,0.0,0.0,0.0,0.0,0.0,0.0,0.0,0.0,0.0,0.0,0.0
4060,Autohomme,0.0,0.0,0.0,0.0,0.0,0.0,0.0,0.0,0.0,0.0,0.0
4061,Spark Motoring Pte Ltd,0.0,0.0,0.0,0.0,0.0,0.0,0.0,0.0,0.0,0.0,0.0
4062,EZ Drive Auto,0.0,0.0,0.0,0.0,0.0,0.0,0.0,0.0,0.0,0.0,0.0
4064,#1 SG Car Deals Pte Ltd,0.0,,,0.0,0.0,0.0,,,,0.0,0.0
4065,Performance Autohaus Pte Ltd,0.0,0.0,0.0,0.0,0.0,0.0,0.0,0.0,0.0,0.0,0.0
4066,U883Detailing Pte Ltd,0.0,0.0,0.0,0.0,0.0,0.0,0.0,0.0,0.0,0.0,0.0
4068,Sheng Hong Speed7 Pte Ltd,0.0,0.0,0.0,0.0,0.0,0.0,0.0,0.0,0.0,0.0,0.0
4069,LM Auto Traders Pte Ltd,0.0,0.0,0.0,0.0,0.0,0.0,0.0,0.0,0.0,0.0,0.0
4070,77 Auto,0.0,0.0,0.0,0.0,0.0,0.0,0.0,0.0,0.0,0.0,0.0
4071,77CARS,0.0,0.0,0.0,0.0,0.0,0.0,,0.0,0.0,0.0,0.0
4072,Classic Motorworks,0.0,0.0,0.0,0.0,0.0,0.0,0.0,0.0,0.0,0.0,0.0
4073,Octane Motors Pte Ltd,0.0,0.0,0.0,0.0,0.0,0.0,0.0,0.0,0.0,0.0,0.0
4074,Cars Consignment Pte Ltd,0.0,0.0,0.0,0.0,0.0,0.0,0.0,0.0,0.0,0.0,0.0
4075,Purpose Automobiles Pte Ltd,0.0,0.0,0.0,0.0,0.0,0.0,0.0,0.0,0.0,0.0,0.0
4076,Inmovimento Pte Ltd,0.0,0.0,0.0,0.0,0.0,0.0,0.0,0.0,,0.0,0.0
4077,Trinity Cars Pte Ltd,0.0,0.0,0.0,0.0,0.0,0.0,0.0,0.0,0.0,0.0,0.0
4078,Influx Automotive Pte Ltd,0.0,0.0,0.0,0.0,0.0,0.0,0.0,0.0,0.0,0.0,0.0
4079,Euroauto Motors Pte Ltd,0.0,0.0,0.0,0.0,0.0,0.0,0.0,0.0,0.0,0.0,0.0
4080,SG AutoHub,0.0,0.0,0.0,0.0,0.0,0.0,0.0,0.0,0.0,0.0,0.0
4081,Cartunes Auto LLP,0.0,0.0,0.0,0.0,0.0,0.0,0.0,0.0,0.0,0.0,0.0
4084,Asset Limo,0.0,0.0,0.0,0.0,0.0,0.0,0.0,0.0,0.0,0.0,0.0
4085,Commonwealth Motor Pte Ltd,0.0,0.0,0.0,0.0,0.0,0.0,0.0,0.0,0.0,0.0,0.0
4086,Extol Global Pte Ltd,0.0,0.0,0.0,0.0,0.0,0.0,0.0,0.0,0.0,0.0,0.0
4087,First Wave Motoring Pte Ltd,0.0,0.0,0.0,0.0,0.0,0.0,0.0,0.0,0.0,0.0,0.0
4089,Green Citi Tech (S) Pte Ltd,0.0,0.0,0.0,0.0,0.0,0.0,0.0,0.0,,0.0,0.0
4092,Awesome Motors Pte Ltd,0.0,0.0,0.0,0.0,0.0,0.0,0.0,0.0,0.0,0.0,0.0
4094,Eminence Auto Pte Ltd,0.0,0.0,0.0,0.0,0.0,0.0,0.0,0.0,0.0,0.0,0.0
4097,Ardor Auto Pte Ltd,0.0,0.0,0.0,0.0,0.0,0.0,0.0,0.0,0.0,0.0,0.0
4099,East Coast Auto Pte Ltd,0.0,0.0,0.0,0.0,0.0,0.0,0.0,0.0,0.0,0.0,0.0
502,Tokyo Century Leasing (S),0.0,0.0,0.0,0.0,0.0,0.0,0.0,0.0,0.0,0.0,0.0
504,Mercedes-Benz Financial Services Singapore,0.0,0.0,0.0,0.0,0.0,0.0,0.0,0.0,0.0,0.0,0.0
507,Repoco Agency,0.0,0.0,0.0,0.0,0.0,0.0,0.0,0.0,0.0,0.0,0.0
508,SJL Services,0.0,0.0,0.0,0.0,0.0,0.0,0.0,0.0,0.0,0.0,0.0
509,United Overseas Bank Limited,0.0,0.0,0.0,0.0,0.0,0.0,0.0,0.0,0.0,0.0,0.0
511,Daimler Fleet Management Singapore Pte Ltd,0.0,0.0,0.0,0.0,0.0,0.0,0.0,0.0,0.0,0.0,0.0
520,Teck Wei Credit Pte Ltd,0.0,0.0,0.0,0.0,0.0,0.0,0.0,0.0,0.0,0.0,0.0
528,Think One Credit Pte Ltd,0.0,0.0,0.0,0.0,0.0,0.0,0.0,0.0,0.0,0.0,0.0
537,Lake View Credit,0.0,0.0,0.0,0.0,0.0,0.0,0.0,0.0,0.0,0.0,0.0
539,Tai Huat Credit Pte Ltd,0.0,0.0,0.0,0.0,0.0,0.0,0.0,0.0,0.0,0.0,0.0
